,gender,emotion,actor,path
0,male,neutral,1,Audio_Song_Actors_01-24/Actor_01/03-02-01-01-01-01-01.wav
1,male,neutral,1,Audio_Song_Actors_01-24/Actor_01/03-02-01-01-01-02-01.wav
2,male,neutral,1,Audio_Song_Actors_01-24/Actor_01/03-02-01-01-02-01-01.wav
3,male,neutral,1,Audio_Song_Actors_01-24/Actor_01/03-02-01-01-02-02-01.wav
4,male,calm,1,Audio_Song_Actors_01-24/Actor_01/03-02-02-01-01-01-01.wav
5,male,calm,1,Audio_Song_Actors_01-24/Actor_01/03-02-02-01-01-02-01.wav
6,male,calm,1,Audio_Song_Actors_01-24/Actor_01/03-02-02-01-02-01-01.wav
7,male,calm,1,Audio_Song_Actors_01-24/Actor_01/03-02-02-01-02-02-01.wav
8,male,calm,1,Audio_Song_Actors_01-24/Actor_01/03-02-02-02-01-01-01.wav
9,male,calm,1,Audio_Song_Actors_01-24/Actor_01/03-02-02-02-01-02-01.wav
10,male,calm,1,Audio_Song_Actors_01-24/Actor_01/03-02-02-02-02-01-01.wav
11,male,calm,1,Audio_Song_Actors_01-24/Actor_01/03-02-02-02-02-02-01.wav
12,male,happy,1,Audio_Song_Actors_01-24/Actor_01/03-02-03-01-01-01-01.wav
13,male,happy,1,Audio_Song_Actors_01-24/Actor_01/03-02-03-01-01-02-01.wav
14,male,happy,1,Audio_Song_Actors_01-24/Actor_01/03-02-03-01-02-01-01.wav
15,male,happy,1,Audio_Song_Actors_01-24/Actor_01/03-02-03-01-02-02-01.wav
16,male,happy,1,Audio_Song_Actors_01-24/Actor_01/03-02-03-02-01-01-01.wav
17,male,happy,1,Audio_Song_Actors_01-24/Actor_01/03-02-03-02-01-02-01.wav
18,male,happy,1,Audio_Song_Actors_01-24/Actor_01/03-02-03-02-02-01-01.wav
19,male,happy,1,Audio_Song_Actors_01-24/Actor_01/03-02-03-02-02-02-01.wav
20,male,sad,1,Audio_Song_Actors_01-24/Actor_01/03-02-04-01-01-01-01.wav
21,male,sad,1,Audio_Song_Actors_01-24/Actor_01/03-02-04-01-01-02-01.wav
22,male,sad,1,Audio_Song_Actors_01-24/Actor_01/03-02-04-01-02-01-01.wav
23,male,sad,1,Audio_Song_Actors_01-24/Actor_01/03-02-04-01-02-02-01.wav
24,male,sad,1,Audio_Song_Actors_01-24/Actor_01/03-02-04-02-01-01-01.wav
25,male,sad,1,Audio_Song_Actors_01-24/Actor_01/03-02-04-02-01-02-01.wav
26,male,sad,1,Audio_Song_Actors_01-24/Actor_01/03-02-04-02-02-01-01.wav
27,male,sad,1,Audio_Song_Actors_01-24/Actor_01/03-02-04-02-02-02-01.wav
28,male,angry,1,Audio_Song_Actors_01-24/Actor_01/03-02-05-01-01-01-01.wav
29,male,angry,1,Audio_Song_Actors_01-24/Actor_01/03-02-05-01-01-02-01.wav
30,male,angry,1,Audio_Song_Actors_01-24/Actor_01/03-02-05-01-02-01-01.wav
31,male,angry,1,Audio_Song_Actors_01-24/Actor_01/03-02-05-01-02-02-01.wav
32,male,angry,1,Audio_Song_Actors_01-24/Actor_01/03-02-05-02-01-01-01.wav
33,male,angry,1,Audio_Song_Actors_01-24/Actor_01/03-02-05-02-01-02-01.wav
34,male,angry,1,Audio_Song_Actors_01-24/Actor_01/03-02-05-02-02-01-01.wav
35,male,angry,1,Audio_Song_Actors_01-24/Actor_01/03-02-05-02-02-02-01.wav
36,male,fear,1,Audio_Song_Actors_01-24/Actor_01/03-02-06-01-01-01-01.wav
37,male,fear,1,Audio_Song_Actors_01-24/Actor_01/03-02-06-01-01-02-01.wav
38,male,fear,1,Audio_Song_Actors_01-24/Actor_01/03-02-06-01-02-01-01.wav
39,male,fear,1,Audio_Song_Actors_01-24/Actor_01/03-02-06-01-02-02-01.wav
40,male,fear,1,Audio_Song_Actors_01-24/Actor_01/03-02-06-02-01-01-01.wav
41,male,fear,1,Audio_Song_Actors_01-24/Actor_01/03-02-06-02-01-02-01.wav
42,male,fear,1,Audio_Song_Actors_01-24/Actor_01/03-02-06-02-02-01-01.wav
43,male,fear,1,Audio_Song_Actors_01-24/Actor_01/03-02-06-02-02-02-01.wav
44,female,neutral,2,Audio_Song_Actors_01-24/Actor_02/03-02-01-01-01-01-02.wav
45,female,neutral,2,Audio_Song_Actors_01-24/Actor_02/03-02-01-01-01-02-02.wav
46,female,neutral,2,Audio_Song_Actors_01-24/Actor_02/03-02-01-01-02-01-02.wav
47,female,neutral,2,Audio_Song_Actors_01-24/Actor_02/03-02-01-01-02-02-02.wav
48,female,calm,2,Audio_Song_Actors_01-24/Actor_02/03-02-02-01-01-01-02.wav
49,female,calm,2,Audio_Song_Actors_01-24/Actor_02/03-02-02-01-01-02-02.wav
50,female,calm,2,Audio_Song_Actors_01-24/Actor_02/03-02-02-01-02-01-02.wav
51,female,calm,2,Audio_Song_Actors_01-24/Actor_02/03-02-02-01-02-02-02.wav
52,female,calm,2,Audio_Song_Actors_01-24/Actor_02/03-02-02-02-01-01-02.wav
53,female,calm,2,Audio_Song_Actors_01-24/Actor_02/03-02-02-02-01-02-02.wav
54,female,calm,2,Audio_Song_Actors_01-24/Actor_02/03-02-02-02-02-01-02.wav
55,female,calm,2,Audio_Song_Actors_01-24/Actor_02/03-02-02-02-02-02-02.wav
56,female,happy,2,Audio_Song_Actors_01-24/Actor_02/03-02-03-01-01-01-02.wav
57,female,happy,2,Audio_Song_Actors_01-24/Actor_02/03-02-03-01-01-02-02.wav
58,female,happy,2,Audio_Song_Actors_01-24/Actor_02/03-02-03-01-02-01-02.wav
59,female,happy,2,Audio_Song_Actors_01-24/Actor_02/03-02-03-01-02-02-02.wav
60,female,happy,2,Audio_Song_Actors_01-24/Actor_02/03-02-03-02-01-01-02.wav
61,female,happy,2,Audio_Song_Actors_01-24/Actor_02/03-02-03-02-01-02-02.wav
62,female,happy,2,Audio_Song_Actors_01-24/Actor_02/03-02-03-02-02-01-02.wav
63,female,happy,2,Audio_Song_Actors_01-24/Actor_02/03-02-03-02-02-02-02.wav
64,female,sad,2,Audio_Song_Actors_01-24/Actor_02/03-02-04-01-01-01-02.wav
65,female,sad,2,Audio_Song_Actors_01-24/Actor_02/03-02-04-01-01-02-02.wav
66,female,sad,2,Audio_Song_Actors_01-24/Actor_02/03-02-04-01-02-01-02.wav
67,female,sad,2,Audio_Song_Actors_01-24/Actor_02/03-02-04-01-02-02-02.wav
68,female,sad,2,Audio_Song_Actors_01-24/Actor_02/03-02-04-02-01-01-02.wav
69,female,sad,2,Audio_Song_Actors_01-24/Actor_02/03-02-04-02-01-02-02.wav
70,female,sad,2,Audio_Song_Actors_01-24/Actor_02/03-02-04-02-02-01-02.wav
71,female,sad,2,Audio_Song_Actors_01-24/Actor_02/03-02-04-02-02-02-02.wav
72,female,angry,2,Audio_Song_Actors_01-24/Actor_02/03-02-05-01-01-01-02.wav
73,female,angry,2,Audio_Song_Actors_01-24/Actor_02/03-02-05-01-01-02-02.wav
74,female,angry,2,Audio_Song_Actors_01-24/Actor_02/03-02-05-01-02-01-02.wav
75,female,angry,2,Audio_Song_Actors_01-24/Actor_02/03-02-05-01-02-02-02.wav
76,female,angry,2,Audio_Song_Actors_01-24/Actor_02/03-02-05-02-01-01-02.wav
77,female,angry,2,Audio_Song_Actors_01-24/Actor_02/03-02-05-02-01-02-02.wav
78,female,angry,2,Audio_Song_Actors_01-24/Actor_02/03-02-05-02-02-01-02.wav
79,female,angry,2,Audio_Song_Actors_01-24/Actor_02/03-02-05-02-02-02-02.wav
80,female,fear,2,Audio_Song_Actors_01-24/Actor_02/03-02-06-01-01-01-02.wav
81,female,fear,2,Audio_Song_Actors_01-24/Actor_02/03-02-06-01-01-02-02.wav
82,female,fear,2,Audio_Song_Actors_01-24/Actor_02/03-02-06-01-02-01-02.wav
83,female,fear,2,Audio_Song_Actors_01-24/Actor_02/03-02-06-01-02-02-02.wav
84,female,fear,2,Audio_Song_Actors_01-24/Actor_02/03-02-06-02-01-01-02.wav
85,female,fear,2,Audio_Song_Actors_01-24/Actor_02/03-02-06-02-01-02-02.wav
86,female,fear,2,Audio_Song_Actors_01-24/Actor_02/03-02-06-02-02-01-02.wav
87,female,fear,2,Audio_Song_Actors_01-24/Actor_02/03-02-06-02-02-02-02.wav
88,male,neutral,3,Audio_Song_Actors_01-24/Actor_03/03-02-01-01-01-01-03.wav
89,male,neutral,3,Audio_Song_Actors_01-24/Actor_03/03-02-01-01-01-02-03.wav
90,male,neutral,3,Audio_Song_Actors_01-24/Actor_03/03-02-01-01-02-01-03.wav
91,male,neutral,3,Audio_Song_Actors_01-24/Actor_03/03-02-01-01-02-02-03.wav
92,male,calm,3,Audio_Song_Actors_01-24/Actor_03/03-02-02-01-01-01-03.wav
93,male,calm,3,Audio_Song_Actors_01-24/Actor_03/03-02-02-01-01-02-03.wav
94,male,calm,3,Audio_Song_Actors_01-24/Actor_03/03-02-02-01-02-01-03.wav
95,male,calm,3,Audio_Song_Actors_01-24/Actor_03/03-02-02-01-02-02-03.wav
96,male,calm,3,Audio_Song_Actors_01-24/Actor_03/03-02-02-02-01-01-03.wav
97,male,calm,3,Audio_Song_Actors_01-24/Actor_03/03-02-02-02-01-02-03.wav
98,male,calm,3,Audio_Song_Actors_01-24/Actor_03/03-02-02-02-02-01-03.wav
99,male,calm,3,Audio_Song_Actors_01-24/Actor_03/03-02-02-02-02-02-03.wav
100,male,happy,3,Audio_Song_Actors_01-24/Actor_03/03-02-03-01-01-01-03.wav
101,male,happy,3,Audio_Song_Actors_01-24/Actor_03/03-02-03-01-01-02-03.wav
102,male,happy,3,Audio_Song_Actors_01-24/Actor_03/03-02-03-01-02-01-03.wav
103,male,happy,3,Audio_Song_Actors_01-24/Actor_03/03-02-03-01-02-02-03.wav
104,male,happy,3,Audio_Song_Actors_01-24/Actor_03/03-02-03-02-01-01-03.wav
105,male,happy,3,Audio_Song_Actors_01-24/Actor_03/03-02-03-02-01-02-03.wav
106,male,happy,3,Audio_Song_Actors_01-24/Actor_03/03-02-03-02-02-01-03.wav
107,male,happy,3,Audio_Song_Actors_01-24/Actor_03/03-02-03-02-02-02-03.wav
108,male,sad,3,Audio_Song_Actors_01-24/Actor_03/03-02-04-01-01-01-03.wav
109,male,sad,3,Audio_Song_Actors_01-24/Actor_03/03-02-04-01-01-02-03.wav
110,male,sad,3,Audio_Song_Actors_01-24/Actor_03/03-02-04-01-02-01-03.wav
111,male,sad,3,Audio_Song_Actors_01-24/Actor_03/03-02-04-01-02-02-03.wav
112,male,sad,3,Audio_Song_Actors_01-24/Actor_03/03-02-04-02-01-01-03.wav
113,male,sad,3,Audio_Song_Actors_01-24/Actor_03/03-02-04-02-01-02-03.wav
114,male,sad,3,Audio_Song_Actors_01-24/Actor_03/03-02-04-02-02-01-03.wav
115,male,sad,3,Audio_Song_Actors_01-24/Actor_03/03-02-04-02-02-02-03.wav
116,male,angry,3,Audio_Song_Actors_01-24/Actor_03/03-02-05-01-01-01-03.wav
117,male,angry,3,Audio_Song_Actors_01-24/Actor_03/03-02-05-01-01-02-03.wav
118,male,angry,3,Audio_Song_Actors_01-24/Actor_03/03-02-05-01-02-01-03.wav
119,male,angry,3,Audio_Song_Actors_01-24/Actor_03/03-02-05-01-02-02-03.wav
120,male,angry,3,Audio_Song_Actors_01-24/Actor_03/03-02-05-02-01-01-03.wav
121,male,angry,3,Audio_Song_Actors_01-24/Actor_03/03-02-05-02-01-02-03.wav
122,male,angry,3,Audio_Song_Actors_01-24/Actor_03/03-02-05-02-02-01-03.wav
123,male,angry,3,Audio_Song_Actors_01-24/Actor_03/03-02-05-02-02-02-03.wav
124,male,fear,3,Audio_Song_Actors_01-24/Actor_03/03-02-06-01-01-01-03.wav
125,male,fear,3,Audio_Song_Actors_01-24/Actor_03/03-02-06-01-01-02-03.wav
126,male,fear,3,Audio_Song_Actors_01-24/Actor_03/03-02-06-01-02-01-03.wav
127,male,fear,3,Audio_Song_Actors_01-24/Actor_03/03-02-06-01-02-02-03.wav
128,male,fear,3,Audio_Song_Actors_01-24/Actor_03/03-02-06-02-01-01-03.wav
129,male,fear,3,Audio_Song_Actors_01-24/Actor_03/03-02-06-02-01-02-03.wav
130,male,fear,3,Audio_Song_Actors_01-24/Actor_03/03-02-06-02-02-01-03.wav
131,male,fear,3,Audio_Song_Actors_01-24/Actor_03/03-02-06-02-02-02-03.wav
132,female,neutral,4,Audio_Song_Actors_01-24/Actor_04/03-02-01-01-01-01-04.wav
133,female,neutral,4,Audio_Song_Actors_01-24/Actor_04/03-02-01-01-01-02-04.wav
134,female,neutral,4,Audio_Song_Actors_01-24/Actor_04/03-02-01-01-02-01-04.wav
135,female,neutral,4,Audio_Song_Actors_01-24/Actor_04/03-02-01-01-02-02-04.wav
136,female,calm,4,Audio_Song_Actors_01-24/Actor_04/03-02-02-01-01-01-04.wav
137,female,calm,4,Audio_Song_Actors_01-24/Actor_04/03-02-02-01-01-02-04.wav
138,female,calm,4,Audio_Song_Actors_01-24/Actor_04/03-02-02-01-02-01-04.wav
139,female,calm,4,Audio_Song_Actors_01-24/Actor_04/03-02-02-01-02-02-04.wav
140,female,calm,4,Audio_Song_Actors_01-24/Actor_04/03-02-02-02-01-01-04.wav
141,female,calm,4,Audio_Song_Actors_01-24/Actor_04/03-02-02-02-01-02-04.wav
142,female,calm,4,Audio_Song_Actors_01-24/Actor_04/03-02-02-02-02-01-04.wav
143,female,calm,4,Audio_Song_Actors_01-24/Actor_04/03-02-02-02-02-02-04.wav
144,female,happy,4,Audio_Song_Actors_01-24/Actor_04/03-02-03-01-01-01-04.wav
145,female,happy,4,Audio_Song_Actors_01-24/Actor_04/03-02-03-01-01-02-04.wav
146,female,happy,4,Audio_Song_Actors_01-24/Actor_04/03-02-03-01-02-01-04.wav
147,female,happy,4,Audio_Song_Actors_01-24/Actor_04/03-02-03-01-02-02-04.wav
148,female,happy,4,Audio_Song_Actors_01-24/Actor_04/03-02-03-02-01-01-04.wav
149,female,happy,4,Audio_Song_Actors_01-24/Actor_04/03-02-03-02-01-02-04.wav
150,female,happy,4,Audio_Song_Actors_01-24/Actor_04/03-02-03-02-02-01-04.wav
151,female,happy,4,Audio_Song_Actors_01-24/Actor_04/03-02-03-02-02-02-04.wav
152,female,sad,4,Audio_Song_Actors_01-24/Actor_04/03-02-04-01-01-01-04.wav
153,female,sad,4,Audio_Song_Actors_01-24/Actor_04/03-02-04-01-01-02-04.wav
154,female,sad,4,Audio_Song_Actors_01-24/Actor_04/03-02-04-01-02-01-04.wav
155,female,sad,4,Audio_Song_Actors_01-24/Actor_04/03-02-04-01-02-02-04.wav
156,female,sad,4,Audio_Song_Actors_01-24/Actor_04/03-02-04-02-01-01-04.wav
157,female,sad,4,Audio_Song_Actors_01-24/Actor_04/03-02-04-02-01-02-04.wav
158,female,sad,4,Audio_Song_Actors_01-24/Actor_04/03-02-04-02-02-01-04.wav
159,female,sad,4,Audio_Song_Actors_01-24/Actor_04/03-02-04-02-02-02-04.wav
160,female,angry,4,Audio_Song_Actors_01-24/Actor_04/03-02-05-01-01-01-04.wav
161,female,angry,4,Audio_Song_Actors_01-24/Actor_04/03-02-05-01-01-02-04.wav
162,female,angry,4,Audio_Song_Actors_01-24/Actor_04/03-02-05-01-02-01-04.wav
163,female,angry,4,Audio_Song_Actors_01-24/Actor_04/03-02-05-01-02-02-04.wav
164,female,angry,4,Audio_Song_Actors_01-24/Actor_04/03-02-05-02-01-01-04.wav
165,female,angry,4,Audio_Song_Actors_01-24/Actor_04/03-02-05-02-01-02-04.wav
166,female,angry,4,Audio_Song_Actors_01-24/Actor_04/03-02-05-02-02-01-04.wav
167,female,angry,4,Audio_Song_Actors_01-24/Actor_04/03-02-05-02-02-02-04.wav
168,female,fear,4,Audio_Song_Actors_01-24/Actor_04/03-02-06-01-01-01-04.wav
169,female,fear,4,Audio_Song_Actors_01-24/Actor_04/03-02-06-01-01-02-04.wav
170,female,fear,4,Audio_Song_Actors_01-24/Actor_04/03-02-06-01-02-01-04.wav
171,female,fear,4,Audio_Song_Actors_01-24/Actor_04/03-02-06-01-02-02-04.wav
172,female,fear,4,Audio_Song_Actors_01-24/Actor_04/03-02-06-02-01-01-04.wav
173,female,fear,4,Audio_Song_Actors_01-24/Actor_04/03-02-06-02-01-02-04.wav
174,female,fear,4,Audio_Song_Actors_01-24/Actor_04/03-02-06-02-02-01-04.wav
175,female,fear,4,Audio_Song_Actors_01-24/Actor_04/03-02-06-02-02-02-04.wav
176,male,neutral,5,Audio_Song_Actors_01-24/Actor_05/03-02-01-01-01-01-05.wav
177,male,neutral,5,Audio_Song_Actors_01-24/Actor_05/03-02-01-01-01-02-05.wav
178,male,neutral,5,Audio_Song_Actors_01-24/Actor_05/03-02-01-01-02-01-05.wav
179,male,neutral,5,Audio_Song_Actors_01-24/Actor_05/03-02-01-01-02-02-05.wav
180,male,calm,5,Audio_Song_Actors_01-24/Actor_05/03-02-02-01-01-01-05.wav
181,male,calm,5,Audio_Song_Actors_01-24/Actor_05/03-02-02-01-01-02-05.wav
182,male,calm,5,Audio_Song_Actors_01-24/Actor_05/03-02-02-01-02-01-05.wav
183,male,calm,5,Audio_Song_Actors_01-24/Actor_05/03-02-02-01-02-02-05.wav
184,male,calm,5,Audio_Song_Actors_01-24/Actor_05/03-02-02-02-01-01-05.wav
185,male,calm,5,Audio_Song_Actors_01-24/Actor_05/03-02-02-02-01-02-05.wav
186,male,calm,5,Audio_Song_Actors_01-24/Actor_05/03-02-02-02-02-01-05.wav
187,male,calm,5,Audio_Song_Actors_01-24/Actor_05/03-02-02-02-02-02-05.wav
188,male,happy,5,Audio_Song_Actors_01-24/Actor_05/03-02-03-01-01-01-05.wav
189,male,happy,5,Audio_Song_Actors_01-24/Actor_05/03-02-03-01-01-02-05.wav
190,male,happy,5,Audio_Song_Actors_01-24/Actor_05/03-02-03-01-02-01-05.wav
191,male,happy,5,Audio_Song_Actors_01-24/Actor_05/03-02-03-01-02-02-05.wav
192,male,happy,5,Audio_Song_Actors_01-24/Actor_05/03-02-03-02-01-01-05.wav
193,male,happy,5,Audio_Song_Actors_01-24/Actor_05/03-02-03-02-01-02-05.wav
194,male,happy,5,Audio_Song_Actors_01-24/Actor_05/03-02-03-02-02-01-05.wav
195,male,happy,5,Audio_Song_Actors_01-24/Actor_05/03-02-03-02-02-02-05.wav
196,male,sad,5,Audio_Song_Actors_01-24/Actor_05/03-02-04-01-01-01-05.wav
197,male,sad,5,Audio_Song_Actors_01-24/Actor_05/03-02-04-01-01-02-05.wav
198,male,sad,5,Audio_Song_Actors_01-24/Actor_05/03-02-04-01-02-01-05.wav
199,male,sad,5,Audio_Song_Actors_01-24/Actor_05/03-02-04-01-02-02-05.wav
200,male,sad,5,Audio_Song_Actors_01-24/Actor_05/03-02-04-02-01-01-05.wav
201,male,sad,5,Audio_Song_Actors_01-24/Actor_05/03-02-04-02-01-02-05.wav
202,male,sad,5,Audio_Song_Actors_01-24/Actor_05/03-02-04-02-02-01-05.wav
203,male,sad,5,Audio_Song_Actors_01-24/Actor_05/03-02-04-02-02-02-05.wav
204,male,angry,5,Audio_Song_Actors_01-24/Actor_05/03-02-05-01-01-01-05.wav
205,male,angry,5,Audio_Song_Actors_01-24/Actor_05/03-02-05-01-01-02-05.wav
206,male,angry,5,Audio_Song_Actors_01-24/Actor_05/03-02-05-01-02-01-05.wav
207,male,angry,5,Audio_Song_Actors_01-24/Actor_05/03-02-05-01-02-02-05.wav
208,male,angry,5,Audio_Song_Actors_01-24/Actor_05/03-02-05-02-01-01-05.wav
209,male,angry,5,Audio_Song_Actors_01-24/Actor_05/03-02-05-02-01-02-05.wav
210,male,angry,5,Audio_Song_Actors_01-24/Actor_05/03-02-05-02-02-01-05.wav
211,male,angry,5,Audio_Song_Actors_01-24/Actor_05/03-02-05-02-02-02-05.wav
212,male,fear,5,Audio_Song_Actors_01-24/Actor_05/03-02-06-01-01-01-05.wav
213,male,fear,5,Audio_Song_Actors_01-24/Actor_05/03-02-06-01-01-02-05.wav
214,male,fear,5,Audio_Song_Actors_01-24/Actor_05/03-02-06-01-02-01-05.wav
215,male,fear,5,Audio_Song_Actors_01-24/Actor_05/03-02-06-01-02-02-05.wav
216,male,fear,5,Audio_Song_Actors_01-24/Actor_05/03-02-06-02-01-01-05.wav
217,male,fear,5,Audio_Song_Actors_01-24/Actor_05/03-02-06-02-01-02-05.wav
218,male,fear,5,Audio_Song_Actors_01-24/Actor_05/03-02-06-02-02-01-05.wav
219,male,fear,5,Audio_Song_Actors_01-24/Actor_05/03-02-06-02-02-02-05.wav
220,female,neutral,6,Audio_Song_Actors_01-24/Actor_06/03-02-01-01-01-01-06.wav
221,female,neutral,6,Audio_Song_Actors_01-24/Actor_06/03-02-01-01-01-02-06.wav
222,female,neutral,6,Audio_Song_Actors_01-24/Actor_06/03-02-01-01-02-01-06.wav
223,female,neutral,6,Audio_Song_Actors_01-24/Actor_06/03-02-01-01-02-02-06.wav
224,female,calm,6,Audio_Song_Actors_01-24/Actor_06/03-02-02-01-01-01-06.wav
225,female,calm,6,Audio_Song_Actors_01-24/Actor_06/03-02-02-01-01-02-06.wav
226,female,calm,6,Audio_Song_Actors_01-24/Actor_06/03-02-02-01-02-01-06.wav
227,female,calm,6,Audio_Song_Actors_01-24/Actor_06/03-02-02-01-02-02-06.wav
228,female,calm,6,Audio_Song_Actors_01-24/Actor_06/03-02-02-02-01-01-06.wav
229,female,calm,6,Audio_Song_Actors_01-24/Actor_06/03-02-02-02-01-02-06.wav
230,female,calm,6,Audio_Song_Actors_01-24/Actor_06/03-02-02-02-02-01-06.wav
231,female,calm,6,Audio_Song_Actors_01-24/Actor_06/03-02-02-02-02-02-06.wav
232,female,happy,6,Audio_Song_Actors_01-24/Actor_06/03-02-03-01-01-01-06.wav
233,female,happy,6,Audio_Song_Actors_01-24/Actor_06/03-02-03-01-01-02-06.wav
234,female,happy,6,Audio_Song_Actors_01-24/Actor_06/03-02-03-01-02-01-06.wav
235,female,happy,6,Audio_Song_Actors_01-24/Actor_06/03-02-03-01-02-02-06.wav
236,female,happy,6,Audio_Song_Actors_01-24/Actor_06/03-02-03-02-01-01-06.wav
237,female,happy,6,Audio_Song_Actors_01-24/Actor_06/03-02-03-02-01-02-06.wav
238,female,happy,6,Audio_Song_Actors_01-24/Actor_06/03-02-03-02-02-01-06.wav
239,female,happy,6,Audio_Song_Actors_01-24/Actor_06/03-02-03-02-02-02-06.wav
240,female,sad,6,Audio_Song_Actors_01-24/Actor_06/03-02-04-01-01-01-06.wav
241,female,sad,6,Audio_Song_Actors_01-24/Actor_06/03-02-04-01-01-02-06.wav
242,female,sad,6,Audio_Song_Actors_01-24/Actor_06/03-02-04-01-02-01-06.wav
243,female,sad,6,Audio_Song_Actors_01-24/Actor_06/03-02-04-01-02-02-06.wav
244,female,sad,6,Audio_Song_Actors_01-24/Actor_06/03-02-04-02-01-01-06.wav
245,female,sad,6,Audio_Song_Actors_01-24/Actor_06/03-02-04-02-01-02-06.wav
246,female,sad,6,Audio_Song_Actors_01-24/Actor_06/03-02-04-02-02-01-06.wav
247,female,sad,6,Audio_Song_Actors_01-24/Actor_06/03-02-04-02-02-02-06.wav
248,female,angry,6,Audio_Song_Actors_01-24/Actor_06/03-02-05-01-01-01-06.wav
249,female,angry,6,Audio_Song_Actors_01-24/Actor_06/03-02-05-01-01-02-06.wav
250,female,angry,6,Audio_Song_Actors_01-24/Actor_06/03-02-05-01-02-01-06.wav
251,female,angry,6,Audio_Song_Actors_01-24/Actor_06/03-02-05-01-02-02-06.wav
252,female,angry,6,Audio_Song_Actors_01-24/Actor_06/03-02-05-02-01-01-06.wav
253,female,angry,6,Audio_Song_Actors_01-24/Actor_06/03-02-05-02-01-02-06.wav
254,female,angry,6,Audio_Song_Actors_01-24/Actor_06/03-02-05-02-02-01-06.wav
255,female,angry,6,Audio_Song_Actors_01-24/Actor_06/03-02-05-02-02-02-06.wav
256,female,fear,6,Audio_Song_Actors_01-24/Actor_06/03-02-06-01-01-01-06.wav
257,female,fear,6,Audio_Song_Actors_01-24/Actor_06/03-02-06-01-01-02-06.wav
258,female,fear,6,Audio_Song_Actors_01-24/Actor_06/03-02-06-01-02-01-06.wav
259,female,fear,6,Audio_Song_Actors_01-24/Actor_06/03-02-06-01-02-02-06.wav
260,female,fear,6,Audio_Song_Actors_01-24/Actor_06/03-02-06-02-01-01-06.wav
261,female,fear,6,Audio_Song_Actors_01-24/Actor_06/03-02-06-02-01-02-06.wav
262,female,fear,6,Audio_Song_Actors_01-24/Actor_06/03-02-06-02-02-01-06.wav
263,female,fear,6,Audio_Song_Actors_01-24/Actor_06/03-02-06-02-02-02-06.wav
264,male,neutral,7,Audio_Song_Actors_01-24/Actor_07/03-02-01-01-01-01-07.wav
265,male,neutral,7,Audio_Song_Actors_01-24/Actor_07/03-02-01-01-01-02-07.wav
266,male,neutral,7,Audio_Song_Actors_01-24/Actor_07/03-02-01-01-02-01-07.wav
267,male,neutral,7,Audio_Song_Actors_01-24/Actor_07/03-02-01-01-02-02-07.wav
268,male,calm,7,Audio_Song_Actors_01-24/Actor_07/03-02-02-01-01-01-07.wav
269,male,calm,7,Audio_Song_Actors_01-24/Actor_07/03-02-02-01-01-02-07.wav
270,male,calm,7,Audio_Song_Actors_01-24/Actor_07/03-02-02-01-02-01-07.wav
271,male,calm,7,Audio_Song_Actors_01-24/Actor_07/03-02-02-01-02-02-07.wav
272,male,calm,7,Audio_Song_Actors_01-24/Actor_07/03-02-02-02-01-01-07.wav
273,male,calm,7,Audio_Song_Actors_01-24/Actor_07/03-02-02-02-01-02-07.wav
274,male,calm,7,Audio_Song_Actors_01-24/Actor_07/03-02-02-02-02-01-07.wav
275,male,calm,7,Audio_Song_Actors_01-24/Actor_07/03-02-02-02-02-02-07.wav
276,male,happy,7,Audio_Song_Actors_01-24/Actor_07/03-02-03-01-01-01-07.wav
277,male,happy,7,Audio_Song_Actors_01-24/Actor_07/03-02-03-01-01-02-07.wav
278,male,happy,7,Audio_Song_Actors_01-24/Actor_07/03-02-03-01-02-01-07.wav
279,male,happy,7,Audio_Song_Actors_01-24/Actor_07/03-02-03-01-02-02-07.wav
280,male,happy,7,Audio_Song_Actors_01-24/Actor_07/03-02-03-02-01-01-07.wav
281,male,happy,7,Audio_Song_Actors_01-24/Actor_07/03-02-03-02-01-02-07.wav
282,male,happy,7,Audio_Song_Actors_01-24/Actor_07/03-02-03-02-02-01-07.wav
283,male,happy,7,Audio_Song_Actors_01-24/Actor_07/03-02-03-02-02-02-07.wav
284,male,sad,7,Audio_Song_Actors_01-24/Actor_07/03-02-04-01-01-01-07.wav
285,male,sad,7,Audio_Song_Actors_01-24/Actor_07/03-02-04-01-01-02-07.wav
286,male,sad,7,Audio_Song_Actors_01-24/Actor_07/03-02-04-01-02-01-07.wav
287,male,sad,7,Audio_Song_Actors_01-24/Actor_07/03-02-04-01-02-02-07.wav
288,male,sad,7,Audio_Song_Actors_01-24/Actor_07/03-02-04-02-01-01-07.wav
289,male,sad,7,Audio_Song_Actors_01-24/Actor_07/03-02-04-02-01-02-07.wav
290,male,sad,7,Audio_Song_Actors_01-24/Actor_07/03-02-04-02-02-01-07.wav
291,male,sad,7,Audio_Song_Actors_01-24/Actor_07/03-02-04-02-02-02-07.wav
292,male,angry,7,Audio_Song_Actors_01-24/Actor_07/03-02-05-01-01-01-07.wav
293,male,angry,7,Audio_Song_Actors_01-24/Actor_07/03-02-05-01-01-02-07.wav
294,male,angry,7,Audio_Song_Actors_01-24/Actor_07/03-02-05-01-02-01-07.wav
295,male,angry,7,Audio_Song_Actors_01-24/Actor_07/03-02-05-01-02-02-07.wav
296,male,angry,7,Audio_Song_Actors_01-24/Actor_07/03-02-05-02-01-01-07.wav
297,male,angry,7,Audio_Song_Actors_01-24/Actor_07/03-02-05-02-01-02-07.wav
298,male,angry,7,Audio_Song_Actors_01-24/Actor_07/03-02-05-02-02-01-07.wav
299,male,angry,7,Audio_Song_Actors_01-24/Actor_07/03-02-05-02-02-02-07.wav
300,male,fear,7,Audio_Song_Actors_01-24/Actor_07/03-02-06-01-01-01-07.wav
301,male,fear,7,Audio_Song_Actors_01-24/Actor_07/03-02-06-01-01-02-07.wav
302,male,fear,7,Audio_Song_Actors_01-24/Actor_07/03-02-06-01-02-01-07.wav
303,male,fear,7,Audio_Song_Actors_01-24/Actor_07/03-02-06-01-02-02-07.wav
304,male,fear,7,Audio_Song_Actors_01-24/Actor_07/03-02-06-02-01-01-07.wav
305,male,fear,7,Audio_Song_Actors_01-24/Actor_07/03-02-06-02-01-02-07.wav
306,male,fear,7,Audio_Song_Actors_01-24/Actor_07/03-02-06-02-02-01-07.wav
307,male,fear,7,Audio_Song_Actors_01-24/Actor_07/03-02-06-02-02-02-07.wav
308,female,neutral,8,Audio_Song_Actors_01-24/Actor_08/03-02-01-01-01-01-08.wav
309,female,neutral,8,Audio_Song_Actors_01-24/Actor_08/03-02-01-01-01-02-08.wav
310,female,neutral,8,Audio_Song_Actors_01-24/Actor_08/03-02-01-01-02-01-08.wav
311,female,neutral,8,Audio_Song_Actors_01-24/Actor_08/03-02-01-01-02-02-08.wav
312,female,calm,8,Audio_Song_Actors_01-24/Actor_08/03-02-02-01-01-01-08.wav
313,female,calm,8,Audio_Song_Actors_01-24/Actor_08/03-02-02-01-01-02-08.wav
314,female,calm,8,Audio_Song_Actors_01-24/Actor_08/03-02-02-01-02-01-08.wav
315,female,calm,8,Audio_Song_Actors_01-24/Actor_08/03-02-02-01-02-02-08.wav
316,female,calm,8,Audio_Song_Actors_01-24/Actor_08/03-02-02-02-01-01-08.wav
317,female,calm,8,Audio_Song_Actors_01-24/Actor_08/03-02-02-02-01-02-08.wav
318,female,calm,8,Audio_Song_Actors_01-24/Actor_08/03-02-02-02-02-01-08.wav
319,female,calm,8,Audio_Song_Actors_01-24/Actor_08/03-02-02-02-02-02-08.wav
320,female,happy,8,Audio_Song_Actors_01-24/Actor_08/03-02-03-01-01-01-08.wav
321,female,happy,8,Audio_Song_Actors_01-24/Actor_08/03-02-03-01-01-02-08.wav
322,female,happy,8,Audio_Song_Actors_01-24/Actor_08/03-02-03-01-02-01-08.wav
323,female,happy,8,Audio_Song_Actors_01-24/Actor_08/03-02-03-01-02-02-08.wav
324,female,happy,8,Audio_Song_Actors_01-24/Actor_08/03-02-03-02-01-01-08.wav
325,female,happy,8,Audio_Song_Actors_01-24/Actor_08/03-02-03-02-01-02-08.wav
326,female,happy,8,Audio_Song_Actors_01-24/Actor_08/03-02-03-02-02-01-08.wav
327,female,happy,8,Audio_Song_Actors_01-24/Actor_08/03-02-03-02-02-02-08.wav
328,female,sad,8,Audio_Song_Actors_01-24/Actor_08/03-02-04-01-01-01-08.wav
329,female,sad,8,Audio_Song_Actors_01-24/Actor_08/03-02-04-01-01-02-08.wav
330,female,sad,8,Audio_Song_Actors_01-24/Actor_08/03-02-04-01-02-01-08.wav
331,female,sad,8,Audio_Song_Actors_01-24/Actor_08/03-02-04-01-02-02-08.wav
332,female,sad,8,Audio_Song_Actors_01-24/Actor_08/03-02-04-02-01-01-08.wav
333,female,sad,8,Audio_Song_Actors_01-24/Actor_08/03-02-04-02-01-02-08.wav
334,female,sad,8,Audio_Song_Actors_01-24/Actor_08/03-02-04-02-02-01-08.wav
335,female,sad,8,Audio_Song_Actors_01-24/Actor_08/03-02-04-02-02-02-08.wav
336,female,angry,8,Audio_Song_Actors_01-24/Actor_08/03-02-05-01-01-01-08.wav
337,female,angry,8,Audio_Song_Actors_01-24/Actor_08/03-02-05-01-01-02-08.wav
338,female,angry,8,Audio_Song_Actors_01-24/Actor_08/03-02-05-01-02-01-08.wav
339,female,angry,8,Audio_Song_Actors_01-24/Actor_08/03-02-05-01-02-02-08.wav
340,female,angry,8,Audio_Song_Actors_01-24/Actor_08/03-02-05-02-01-01-08.wav
341,female,angry,8,Audio_Song_Actors_01-24/Actor_08/03-02-05-02-01-02-08.wav
342,female,angry,8,Audio_Song_Actors_01-24/Actor_08/03-02-05-02-02-01-08.wav
343,female,angry,8,Audio_Song_Actors_01-24/Actor_08/03-02-05-02-02-02-08.wav
344,female,fear,8,Audio_Song_Actors_01-24/Actor_08/03-02-06-01-01-01-08.wav
345,female,fear,8,Audio_Song_Actors_01-24/Actor_08/03-02-06-01-01-02-08.wav
346,female,fear,8,Audio_Song_Actors_01-24/Actor_08/03-02-06-01-02-01-08.wav
347,female,fear,8,Audio_Song_Actors_01-24/Actor_08/03-02-06-01-02-02-08.wav
348,female,fear,8,Audio_Song_Actors_01-24/Actor_08/03-02-06-02-01-01-08.wav
349,female,fear,8,Audio_Song_Actors_01-24/Actor_08/03-02-06-02-01-02-08.wav
350,female,fear,8,Audio_Song_Actors_01-24/Actor_08/03-02-06-02-02-01-08.wav
351,female,fear,8,Audio_Song_Actors_01-24/Actor_08/03-02-06-02-02-02-08.wav
352,male,neutral,9,Audio_Song_Actors_01-24/Actor_09/03-02-01-01-01-01-09.wav
353,male,neutral,9,Audio_Song_Actors_01-24/Actor_09/03-02-01-01-01-02-09.wav
354,male,neutral,9,Audio_Song_Actors_01-24/Actor_09/03-02-01-01-02-01-09.wav
355,male,neutral,9,Audio_Song_Actors_01-24/Actor_09/03-02-01-01-02-02-09.wav
356,male,calm,9,Audio_Song_Actors_01-24/Actor_09/03-02-02-01-01-01-09.wav
357,male,calm,9,Audio_Song_Actors_01-24/Actor_09/03-02-02-01-01-02-09.wav
358,male,calm,9,Audio_Song_Actors_01-24/Actor_09/03-02-02-01-02-01-09.wav
359,male,calm,9,Audio_Song_Actors_01-24/Actor_09/03-02-02-01-02-02-09.wav
360,male,calm,9,Audio_Song_Actors_01-24/Actor_09/03-02-02-02-01-01-09.wav
361,male,calm,9,Audio_Song_Actors_01-24/Actor_09/03-02-02-02-01-02-09.wav
362,male,calm,9,Audio_Song_Actors_01-24/Actor_09/03-02-02-02-02-01-09.wav
363,male,calm,9,Audio_Song_Actors_01-24/Actor_09/03-02-02-02-02-02-09.wav
364,male,happy,9,Audio_Song_Actors_01-24/Actor_09/03-02-03-01-01-01-09.wav
365,male,happy,9,Audio_Song_Actors_01-24/Actor_09/03-02-03-01-01-02-09.wav
366,male,happy,9,Audio_Song_Actors_01-24/Actor_09/03-02-03-01-02-01-09.wav
367,male,happy,9,Audio_Song_Actors_01-24/Actor_09/03-02-03-01-02-02-09.wav
368,male,happy,9,Audio_Song_Actors_01-24/Actor_09/03-02-03-02-01-01-09.wav
369,male,happy,9,Audio_Song_Actors_01-24/Actor_09/03-02-03-02-01-02-09.wav
370,male,happy,9,Audio_Song_Actors_01-24/Actor_09/03-02-03-02-02-01-09.wav
371,male,happy,9,Audio_Song_Actors_01-24/Actor_09/03-02-03-02-02-02-09.wav
372,male,sad,9,Audio_Song_Actors_01-24/Actor_09/03-02-04-01-01-01-09.wav
373,male,sad,9,Audio_Song_Actors_01-24/Actor_09/03-02-04-01-01-02-09.wav
374,male,sad,9,Audio_Song_Actors_01-24/Actor_09/03-02-04-01-02-01-09.wav
375,male,sad,9,Audio_Song_Actors_01-24/Actor_09/03-02-04-01-02-02-09.wav
376,male,sad,9,Audio_Song_Actors_01-24/Actor_09/03-02-04-02-01-01-09.wav
377,male,sad,9,Audio_Song_Actors_01-24/Actor_09/03-02-04-02-01-02-09.wav
378,male,sad,9,Audio_Song_Actors_01-24/Actor_09/03-02-04-02-02-01-09.wav
379,male,sad,9,Audio_Song_Actors_01-24/Actor_09/03-02-04-02-02-02-09.wav
380,male,angry,9,Audio_Song_Actors_01-24/Actor_09/03-02-05-01-01-01-09.wav
381,male,angry,9,Audio_Song_Actors_01-24/Actor_09/03-02-05-01-01-02-09.wav
382,male,angry,9,Audio_Song_Actors_01-24/Actor_09/03-02-05-01-02-01-09.wav
383,male,angry,9,Audio_Song_Actors_01-24/Actor_09/03-02-05-01-02-02-09.wav
384,male,angry,9,Audio_Song_Actors_01-24/Actor_09/03-02-05-02-01-01-09.wav
385,male,angry,9,Audio_Song_Actors_01-24/Actor_09/03-02-05-02-01-02-09.wav
386,male,angry,9,Audio_Song_Actors_01-24/Actor_09/03-02-05-02-02-01-09.wav
387,male,angry,9,Audio_Song_Actors_01-24/Actor_09/03-02-05-02-02-02-09.wav
388,male,fear,9,Audio_Song_Actors_01-24/Actor_09/03-02-06-01-01-01-09.wav
389,male,fear,9,Audio_Song_Actors_01-24/Actor_09/03-02-06-01-01-02-09.wav
390,male,fear,9,Audio_Song_Actors_01-24/Actor_09/03-02-06-01-02-01-09.wav
391,male,fear,9,Audio_Song_Actors_01-24/Actor_09/03-02-06-01-02-02-09.wav
392,male,fear,9,Audio_Song_Actors_01-24/Actor_09/03-02-06-02-01-01-09.wav
393,male,fear,9,Audio_Song_Actors_01-24/Actor_09/03-02-06-02-01-02-09.wav
394,male,fear,9,Audio_Song_Actors_01-24/Actor_09/03-02-06-02-02-01-09.wav
395,male,fear,9,Audio_Song_Actors_01-24/Actor_09/03-02-06-02-02-02-09.wav
396,female,neutral,10,Audio_Song_Actors_01-24/Actor_10/03-02-01-01-01-01-10.wav
397,female,neutral,10,Audio_Song_Actors_01-24/Actor_10/03-02-01-01-01-02-10.wav
398,female,neutral,10,Audio_Song_Actors_01-24/Actor_10/03-02-01-01-02-01-10.wav
399,female,neutral,10,Audio_Song_Actors_01-24/Actor_10/03-02-01-01-02-02-10.wav
400,female,calm,10,Audio_Song_Actors_01-24/Actor_10/03-02-02-01-01-01-10.wav
401,female,calm,10,Audio_Song_Actors_01-24/Actor_10/03-02-02-01-01-02-10.wav
402,female,calm,10,Audio_Song_Actors_01-24/Actor_10/03-02-02-01-02-01-10.wav
403,female,calm,10,Audio_Song_Actors_01-24/Actor_10/03-02-02-01-02-02-10.wav
404,female,calm,10,Audio_Song_Actors_01-24/Actor_10/03-02-02-02-01-01-10.wav
405,female,calm,10,Audio_Song_Actors_01-24/Actor_10/03-02-02-02-01-02-10.wav
406,female,calm,10,Audio_Song_Actors_01-24/Actor_10/03-02-02-02-02-01-10.wav
407,female,calm,10,Audio_Song_Actors_01-24/Actor_10/03-02-02-02-02-02-10.wav
408,female,happy,10,Audio_Song_Actors_01-24/Actor_10/03-02-03-01-01-01-10.wav
409,female,happy,10,Audio_Song_Actors_01-24/Actor_10/03-02-03-01-01-02-10.wav
410,female,happy,10,Audio_Song_Actors_01-24/Actor_10/03-02-03-01-02-01-10.wav
411,female,happy,10,Audio_Song_Actors_01-24/Actor_10/03-02-03-01-02-02-10.wav
412,female,happy,10,Audio_Song_Actors_01-24/Actor_10/03-02-03-02-01-01-10.wav
413,female,happy,10,Audio_Song_Actors_01-24/Actor_10/03-02-03-02-01-02-10.wav
414,female,happy,10,Audio_Song_Actors_01-24/Actor_10/03-02-03-02-02-01-10.wav
415,female,happy,10,Audio_Song_Actors_01-24/Actor_10/03-02-03-02-02-02-10.wav
416,female,sad,10,Audio_Song_Actors_01-24/Actor_10/03-02-04-01-01-01-10.wav
417,female,sad,10,Audio_Song_Actors_01-24/Actor_10/03-02-04-01-01-02-10.wav
418,female,sad,10,Audio_Song_Actors_01-24/Actor_10/03-02-04-01-02-01-10.wav
419,female,sad,10,Audio_Song_Actors_01-24/Actor_10/03-02-04-01-02-02-10.wav
420,female,sad,10,Audio_Song_Actors_01-24/Actor_10/03-02-04-02-01-01-10.wav
421,female,sad,10,Audio_Song_Actors_01-24/Actor_10/03-02-04-02-01-02-10.wav
422,female,sad,10,Audio_Song_Actors_01-24/Actor_10/03-02-04-02-02-01-10.wav
423,female,sad,10,Audio_Song_Actors_01-24/Actor_10/03-02-04-02-02-02-10.wav
424,female,angry,10,Audio_Song_Actors_01-24/Actor_10/03-02-05-01-01-01-10.wav
425,female,angry,10,Audio_Song_Actors_01-24/Actor_10/03-02-05-01-01-02-10.wav
426,female,angry,10,Audio_Song_Actors_01-24/Actor_10/03-02-05-01-02-01-10.wav
427,female,angry,10,Audio_Song_Actors_01-24/Actor_10/03-02-05-01-02-02-10.wav
428,female,angry,10,Audio_Song_Actors_01-24/Actor_10/03-02-05-02-01-01-10.wav
429,female,angry,10,Audio_Song_Actors_01-24/Actor_10/03-02-05-02-01-02-10.wav
430,female,angry,10,Audio_Song_Actors_01-24/Actor_10/03-02-05-02-02-01-10.wav
431,female,angry,10,Audio_Song_Actors_01-24/Actor_10/03-02-05-02-02-02-10.wav
432,female,fear,10,Audio_Song_Actors_01-24/Actor_10/03-02-06-01-01-01-10.wav
433,female,fear,10,Audio_Song_Actors_01-24/Actor_10/03-02-06-01-01-02-10.wav
434,female,fear,10,Audio_Song_Actors_01-24/Actor_10/03-02-06-01-02-01-10.wav
435,female,fear,10,Audio_Song_Actors_01-24/Actor_10/03-02-06-01-02-02-10.wav
436,female,fear,10,Audio_Song_Actors_01-24/Actor_10/03-02-06-02-01-01-10.wav
437,female,fear,10,Audio_Song_Actors_01-24/Actor_10/03-02-06-02-01-02-10.wav
438,female,fear,10,Audio_Song_Actors_01-24/Actor_10/03-02-06-02-02-01-10.wav
439,female,fear,10,Audio_Song_Actors_01-24/Actor_10/03-02-06-02-02-02-10.wav
440,male,neutral,11,Audio_Song_Actors_01-24/Actor_11/03-02-01-01-01-01-11.wav
441,male,neutral,11,Audio_Song_Actors_01-24/Actor_11/03-02-01-01-01-02-11.wav
442,male,neutral,11,Audio_Song_Actors_01-24/Actor_11/03-02-01-01-02-01-11.wav
443,male,neutral,11,Audio_Song_Actors_01-24/Actor_11/03-02-01-01-02-02-11.wav
444,male,calm,11,Audio_Song_Actors_01-24/Actor_11/03-02-02-01-01-01-11.wav
445,male,calm,11,Audio_Song_Actors_01-24/Actor_11/03-02-02-01-01-02-11.wav
446,male,calm,11,Audio_Song_Actors_01-24/Actor_11/03-02-02-01-02-01-11.wav
447,male,calm,11,Audio_Song_Actors_01-24/Actor_11/03-02-02-01-02-02-11.wav
448,male,calm,11,Audio_Song_Actors_01-24/Actor_11/03-02-02-02-01-01-11.wav
449,male,calm,11,Audio_Song_Actors_01-24/Actor_11/03-02-02-02-01-02-11.wav
450,male,calm,11,Audio_Song_Actors_01-24/Actor_11/03-02-02-02-02-01-11.wav
451,male,calm,11,Audio_Song_Actors_01-24/Actor_11/03-02-02-02-02-02-11.wav
452,male,happy,11,Audio_Song_Actors_01-24/Actor_11/03-02-03-01-01-01-11.wav
453,male,happy,11,Audio_Song_Actors_01-24/Actor_11/03-02-03-01-01-02-11.wav
454,male,happy,11,Audio_Song_Actors_01-24/Actor_11/03-02-03-01-02-01-11.wav
455,male,happy,11,Audio_Song_Actors_01-24/Actor_11/03-02-03-01-02-02-11.wav
456,male,happy,11,Audio_Song_Actors_01-24/Actor_11/03-02-03-02-01-01-11.wav
457,male,happy,11,Audio_Song_Actors_01-24/Actor_11/03-02-03-02-01-02-11.wav
458,male,happy,11,Audio_Song_Actors_01-24/Actor_11/03-02-03-02-02-01-11.wav
459,male,happy,11,Audio_Song_Actors_01-24/Actor_11/03-02-03-02-02-02-11.wav
460,male,sad,11,Audio_Song_Actors_01-24/Actor_11/03-02-04-01-01-01-11.wav
461,male,sad,11,Audio_Song_Actors_01-24/Actor_11/03-02-04-01-01-02-11.wav
462,male,sad,11,Audio_Song_Actors_01-24/Actor_11/03-02-04-01-02-01-11.wav
463,male,sad,11,Audio_Song_Actors_01-24/Actor_11/03-02-04-01-02-02-11.wav
464,male,sad,11,Audio_Song_Actors_01-24/Actor_11/03-02-04-02-01-01-11.wav
465,male,sad,11,Audio_Song_Actors_01-24/Actor_11/03-02-04-02-01-02-11.wav
466,male,sad,11,Audio_Song_Actors_01-24/Actor_11/03-02-04-02-02-01-11.wav
467,male,sad,11,Audio_Song_Actors_01-24/Actor_11/03-02-04-02-02-02-11.wav
468,male,angry,11,Audio_Song_Actors_01-24/Actor_11/03-02-05-01-01-01-11.wav
469,male,angry,11,Audio_Song_Actors_01-24/Actor_11/03-02-05-01-01-02-11.wav
470,male,angry,11,Audio_Song_Actors_01-24/Actor_11/03-02-05-01-02-01-11.wav
471,male,angry,11,Audio_Song_Actors_01-24/Actor_11/03-02-05-01-02-02-11.wav
472,male,angry,11,Audio_Song_Actors_01-24/Actor_11/03-02-05-02-01-01-11.wav
473,male,angry,11,Audio_Song_Actors_01-24/Actor_11/03-02-05-02-01-02-11.wav
474,male,angry,11,Audio_Song_Actors_01-24/Actor_11/03-02-05-02-02-01-11.wav
475,male,angry,11,Audio_Song_Actors_01-24/Actor_11/03-02-05-02-02-02-11.wav
476,male,fear,11,Audio_Song_Actors_01-24/Actor_11/03-02-06-01-01-01-11.wav
477,male,fear,11,Audio_Song_Actors_01-24/Actor_11/03-02-06-01-01-02-11.wav
478,male,fear,11,Audio_Song_Actors_01-24/Actor_11/03-02-06-01-02-01-11.wav
479,male,fear,11,Audio_Song_Actors_01-24/Actor_11/03-02-06-01-02-02-11.wav
480,male,fear,11,Audio_Song_Actors_01-24/Actor_11/03-02-06-02-01-01-11.wav
481,male,fear,11,Audio_Song_Actors_01-24/Actor_11/03-02-06-02-01-02-11.wav
482,male,fear,11,Audio_Song_Actors_01-24/Actor_11/03-02-06-02-02-01-11.wav
483,male,fear,11,Audio_Song_Actors_01-24/Actor_11/03-02-06-02-02-02-11.wav
484,female,neutral,12,Audio_Song_Actors_01-24/Actor_12/03-02-01-01-01-01-12.wav
485,female,neutral,12,Audio_Song_Actors_01-24/Actor_12/03-02-01-01-01-02-12.wav
486,female,neutral,12,Audio_Song_Actors_01-24/Actor_12/03-02-01-01-02-01-12.wav
487,female,neutral,12,Audio_Song_Actors_01-24/Actor_12/03-02-01-01-02-02-12.wav
488,female,calm,12,Audio_Song_Actors_01-24/Actor_12/03-02-02-01-01-01-12.wav
489,female,calm,12,Audio_Song_Actors_01-24/Actor_12/03-02-02-01-01-02-12.wav
490,female,calm,12,Audio_Song_Actors_01-24/Actor_12/03-02-02-01-02-01-12.wav
491,female,calm,12,Audio_Song_Actors_01-24/Actor_12/03-02-02-01-02-02-12.wav
492,female,calm,12,Audio_Song_Actors_01-24/Actor_12/03-02-02-02-01-01-12.wav
493,female,calm,12,Audio_Song_Actors_01-24/Actor_12/03-02-02-02-01-02-12.wav
494,female,calm,12,Audio_Song_Actors_01-24/Actor_12/03-02-02-02-02-01-12.wav
495,female,calm,12,Audio_Song_Actors_01-24/Actor_12/03-02-02-02-02-02-12.wav
496,female,happy,12,Audio_Song_Actors_01-24/Actor_12/03-02-03-01-01-01-12.wav
497,female,happy,12,Audio_Song_Actors_01-24/Actor_12/03-02-03-01-01-02-12.wav
498,female,happy,12,Audio_Song_Actors_01-24/Actor_12/03-02-03-01-02-01-12.wav
499,female,happy,12,Audio_Song_Actors_01-24/Actor_12/03-02-03-01-02-02-12.wav
500,female,happy,12,Audio_Song_Actors_01-24/Actor_12/03-02-03-02-01-01-12.wav
501,female,happy,12,Audio_Song_Actors_01-24/Actor_12/03-02-03-02-01-02-12.wav
502,female,happy,12,Audio_Song_Actors_01-24/Actor_12/03-02-03-02-02-01-12.wav
503,female,happy,12,Audio_Song_Actors_01-24/Actor_12/03-02-03-02-02-02-12.wav
504,female,sad,12,Audio_Song_Actors_01-24/Actor_12/03-02-04-01-01-01-12.wav
505,female,sad,12,Audio_Song_Actors_01-24/Actor_12/03-02-04-01-01-02-12.wav
506,female,sad,12,Audio_Song_Actors_01-24/Actor_12/03-02-04-01-02-01-12.wav
507,female,sad,12,Audio_Song_Actors_01-24/Actor_12/03-02-04-01-02-02-12.wav
508,female,sad,12,Audio_Song_Actors_01-24/Actor_12/03-02-04-02-01-01-12.wav
509,female,sad,12,Audio_Song_Actors_01-24/Actor_12/03-02-04-02-01-02-12.wav
510,female,sad,12,Audio_Song_Actors_01-24/Actor_12/03-02-04-02-02-01-12.wav
511,female,sad,12,Audio_Song_Actors_01-24/Actor_12/03-02-04-02-02-02-12.wav
512,female,angry,12,Audio_Song_Actors_01-24/Actor_12/03-02-05-01-01-01-12.wav
513,female,angry,12,Audio_Song_Actors_01-24/Actor_12/03-02-05-01-01-02-12.wav
514,female,angry,12,Audio_Song_Actors_01-24/Actor_12/03-02-05-01-02-01-12.wav
515,female,angry,12,Audio_Song_Actors_01-24/Actor_12/03-02-05-01-02-02-12.wav
516,female,angry,12,Audio_Song_Actors_01-24/Actor_12/03-02-05-02-01-01-12.wav
517,female,angry,12,Audio_Song_Actors_01-24/Actor_12/03-02-05-02-01-02-12.wav
518,female,angry,12,Audio_Song_Actors_01-24/Actor_12/03-02-05-02-02-01-12.wav
519,female,angry,12,Audio_Song_Actors_01-24/Actor_12/03-02-05-02-02-02-12.wav
520,female,fear,12,Audio_Song_Actors_01-24/Actor_12/03-02-06-01-01-01-12.wav
521,female,fear,12,Audio_Song_Actors_01-24/Actor_12/03-02-06-01-01-02-12.wav
522,female,fear,12,Audio_Song_Actors_01-24/Actor_12/03-02-06-01-02-01-12.wav
523,female,fear,12,Audio_Song_Actors_01-24/Actor_12/03-02-06-01-02-02-12.wav
524,female,fear,12,Audio_Song_Actors_01-24/Actor_12/03-02-06-02-01-01-12.wav
525,female,fear,12,Audio_Song_Actors_01-24/Actor_12/03-02-06-02-01-02-12.wav
526,female,fear,12,Audio_Song_Actors_01-24/Actor_12/03-02-06-02-02-01-12.wav
527,female,fear,12,Audio_Song_Actors_01-24/Actor_12/03-02-06-02-02-02-12.wav
528,male,neutral,13,Audio_Song_Actors_01-24/Actor_13/03-02-01-01-01-01-13.wav
529,male,neutral,13,Audio_Song_Actors_01-24/Actor_13/03-02-01-01-01-02-13.wav
530,male,neutral,13,Audio_Song_Actors_01-24/Actor_13/03-02-01-01-02-01-13.wav
531,male,neutral,13,Audio_Song_Actors_01-24/Actor_13/03-02-01-01-02-02-13.wav
532,male,calm,13,Audio_Song_Actors_01-24/Actor_13/03-02-02-01-01-01-13.wav
533,male,calm,13,Audio_Song_Actors_01-24/Actor_13/03-02-02-01-01-02-13.wav
534,male,calm,13,Audio_Song_Actors_01-24/Actor_13/03-02-02-01-02-01-13.wav
535,male,calm,13,Audio_Song_Actors_01-24/Actor_13/03-02-02-01-02-02-13.wav
536,male,calm,13,Audio_Song_Actors_01-24/Actor_13/03-02-02-02-01-01-13.wav
537,male,calm,13,Audio_Song_Actors_01-24/Actor_13/03-02-02-02-01-02-13.wav
538,male,calm,13,Audio_Song_Actors_01-24/Actor_13/03-02-02-02-02-01-13.wav
539,male,calm,13,Audio_Song_Actors_01-24/Actor_13/03-02-02-02-02-02-13.wav
540,male,happy,13,Audio_Song_Actors_01-24/Actor_13/03-02-03-01-01-01-13.wav
541,male,happy,13,Audio_Song_Actors_01-24/Actor_13/03-02-03-01-01-02-13.wav
542,male,happy,13,Audio_Song_Actors_01-24/Actor_13/03-02-03-01-02-01-13.wav
543,male,happy,13,Audio_Song_Actors_01-24/Actor_13/03-02-03-01-02-02-13.wav
544,male,happy,13,Audio_Song_Actors_01-24/Actor_13/03-02-03-02-01-01-13.wav
545,male,happy,13,Audio_Song_Actors_01-24/Actor_13/03-02-03-02-01-02-13.wav
546,male,happy,13,Audio_Song_Actors_01-24/Actor_13/03-02-03-02-02-01-13.wav
547,male,happy,13,Audio_Song_Actors_01-24/Actor_13/03-02-03-02-02-02-13.wav
548,male,sad,13,Audio_Song_Actors_01-24/Actor_13/03-02-04-01-01-01-13.wav
549,male,sad,13,Audio_Song_Actors_01-24/Actor_13/03-02-04-01-01-02-13.wav
550,male,sad,13,Audio_Song_Actors_01-24/Actor_13/03-02-04-01-02-01-13.wav
551,male,sad,13,Audio_Song_Actors_01-24/Actor_13/03-02-04-01-02-02-13.wav
552,male,sad,13,Audio_Song_Actors_01-24/Actor_13/03-02-04-02-01-01-13.wav
553,male,sad,13,Audio_Song_Actors_01-24/Actor_13/03-02-04-02-01-02-13.wav
554,male,sad,13,Audio_Song_Actors_01-24/Actor_13/03-02-04-02-02-01-13.wav
555,male,sad,13,Audio_Song_Actors_01-24/Actor_13/03-02-04-02-02-02-13.wav
556,male,angry,13,Audio_Song_Actors_01-24/Actor_13/03-02-05-01-01-01-13.wav
557,male,angry,13,Audio_Song_Actors_01-24/Actor_13/03-02-05-01-01-02-13.wav
558,male,angry,13,Audio_Song_Actors_01-24/Actor_13/03-02-05-01-02-01-13.wav
559,male,angry,13,Audio_Song_Actors_01-24/Actor_13/03-02-05-01-02-02-13.wav
560,male,angry,13,Audio_Song_Actors_01-24/Actor_13/03-02-05-02-01-01-13.wav
561,male,angry,13,Audio_Song_Actors_01-24/Actor_13/03-02-05-02-01-02-13.wav
562,male,angry,13,Audio_Song_Actors_01-24/Actor_13/03-02-05-02-02-01-13.wav
563,male,angry,13,Audio_Song_Actors_01-24/Actor_13/03-02-05-02-02-02-13.wav
564,male,fear,13,Audio_Song_Actors_01-24/Actor_13/03-02-06-01-01-01-13.wav
565,male,fear,13,Audio_Song_Actors_01-24/Actor_13/03-02-06-01-01-02-13.wav
566,male,fear,13,Audio_Song_Actors_01-24/Actor_13/03-02-06-01-02-01-13.wav
567,male,fear,13,Audio_Song_Actors_01-24/Actor_13/03-02-06-01-02-02-13.wav
568,male,fear,13,Audio_Song_Actors_01-24/Actor_13/03-02-06-02-01-01-13.wav
569,male,fear,13,Audio_Song_Actors_01-24/Actor_13/03-02-06-02-01-02-13.wav
570,male,fear,13,Audio_Song_Actors_01-24/Actor_13/03-02-06-02-02-01-13.wav
571,male,fear,13,Audio_Song_Actors_01-24/Actor_13/03-02-06-02-02-02-13.wav
572,female,neutral,14,Audio_Song_Actors_01-24/Actor_14/03-02-01-01-01-01-14.wav
573,female,neutral,14,Audio_Song_Actors_01-24/Actor_14/03-02-01-01-01-02-14.wav
574,female,neutral,14,Audio_Song_Actors_01-24/Actor_14/03-02-01-01-02-01-14.wav
575,female,neutral,14,Audio_Song_Actors_01-24/Actor_14/03-02-01-01-02-02-14.wav
576,female,calm,14,Audio_Song_Actors_01-24/Actor_14/03-02-02-01-01-01-14.wav
577,female,calm,14,Audio_Song_Actors_01-24/Actor_14/03-02-02-01-01-02-14.wav
578,female,calm,14,Audio_Song_Actors_01-24/Actor_14/03-02-02-01-02-01-14.wav
579,female,calm,14,Audio_Song_Actors_01-24/Actor_14/03-02-02-01-02-02-14.wav
580,female,calm,14,Audio_Song_Actors_01-24/Actor_14/03-02-02-02-01-01-14.wav
581,female,calm,14,Audio_Song_Actors_01-24/Actor_14/03-02-02-02-01-02-14.wav
582,female,calm,14,Audio_Song_Actors_01-24/Actor_14/03-02-02-02-02-01-14.wav
583,female,calm,14,Audio_Song_Actors_01-24/Actor_14/03-02-02-02-02-02-14.wav
584,female,happy,14,Audio_Song_Actors_01-24/Actor_14/03-02-03-01-01-01-14.wav
585,female,happy,14,Audio_Song_Actors_01-24/Actor_14/03-02-03-01-01-02-14.wav
586,female,happy,14,Audio_Song_Actors_01-24/Actor_14/03-02-03-01-02-01-14.wav
587,female,happy,14,Audio_Song_Actors_01-24/Actor_14/03-02-03-01-02-02-14.wav
588,female,happy,14,Audio_Song_Actors_01-24/Actor_14/03-02-03-02-01-01-14.wav
589,female,happy,14,Audio_Song_Actors_01-24/Actor_14/03-02-03-02-01-02-14.wav
590,female,happy,14,Audio_Song_Actors_01-24/Actor_14/03-02-03-02-02-01-14.wav
591,female,happy,14,Audio_Song_Actors_01-24/Actor_14/03-02-03-02-02-02-14.wav
592,female,sad,14,Audio_Song_Actors_01-24/Actor_14/03-02-04-01-01-01-14.wav
593,female,sad,14,Audio_Song_Actors_01-24/Actor_14/03-02-04-01-01-02-14.wav
594,female,sad,14,Audio_Song_Actors_01-24/Actor_14/03-02-04-01-02-01-14.wav
595,female,sad,14,Audio_Song_Actors_01-24/Actor_14/03-02-04-01-02-02-14.wav
596,female,sad,14,Audio_Song_Actors_01-24/Actor_14/03-02-04-02-01-01-14.wav
597,female,sad,14,Audio_Song_Actors_01-24/Actor_14/03-02-04-02-01-02-14.wav
598,female,sad,14,Audio_Song_Actors_01-24/Actor_14/03-02-04-02-02-01-14.wav
599,female,sad,14,Audio_Song_Actors_01-24/Actor_14/03-02-04-02-02-02-14.wav
600,female,angry,14,Audio_Song_Actors_01-24/Actor_14/03-02-05-01-01-01-14.wav
601,female,angry,14,Audio_Song_Actors_01-24/Actor_14/03-02-05-01-01-02-14.wav
602,female,angry,14,Audio_Song_Actors_01-24/Actor_14/03-02-05-01-02-01-14.wav
603,female,angry,14,Audio_Song_Actors_01-24/Actor_14/03-02-05-01-02-02-14.wav
604,female,angry,14,Audio_Song_Actors_01-24/Actor_14/03-02-05-02-01-01-14.wav
605,female,angry,14,Audio_Song_Actors_01-24/Actor_14/03-02-05-02-01-02-14.wav
606,female,angry,14,Audio_Song_Actors_01-24/Actor_14/03-02-05-02-02-01-14.wav
607,female,angry,14,Audio_Song_Actors_01-24/Actor_14/03-02-05-02-02-02-14.wav
608,female,fear,14,Audio_Song_Actors_01-24/Actor_14/03-02-06-01-01-01-14.wav
609,female,fear,14,Audio_Song_Actors_01-24/Actor_14/03-02-06-01-01-02-14.wav
610,female,fear,14,Audio_Song_Actors_01-24/Actor_14/03-02-06-01-02-01-14.wav
611,female,fear,14,Audio_Song_Actors_01-24/Actor_14/03-02-06-01-02-02-14.wav
612,female,fear,14,Audio_Song_Actors_01-24/Actor_14/03-02-06-02-01-01-14.wav
613,female,fear,14,Audio_Song_Actors_01-24/Actor_14/03-02-06-02-01-02-14.wav
614,female,fear,14,Audio_Song_Actors_01-24/Actor_14/03-02-06-02-02-01-14.wav
615,female,fear,14,Audio_Song_Actors_01-24/Actor_14/03-02-06-02-02-02-14.wav
616,male,neutral,15,Audio_Song_Actors_01-24/Actor_15/03-02-01-01-01-01-15.wav
617,male,neutral,15,Audio_Song_Actors_01-24/Actor_15/03-02-01-01-01-02-15.wav
618,male,neutral,15,Audio_Song_Actors_01-24/Actor_15/03-02-01-01-02-01-15.wav
619,male,neutral,15,Audio_Song_Actors_01-24/Actor_15/03-02-01-01-02-02-15.wav
620,male,calm,15,Audio_Song_Actors_01-24/Actor_15/03-02-02-01-01-01-15.wav
621,male,calm,15,Audio_Song_Actors_01-24/Actor_15/03-02-02-01-01-02-15.wav
622,male,calm,15,Audio_Song_Actors_01-24/Actor_15/03-02-02-01-02-01-15.wav
623,male,calm,15,Audio_Song_Actors_01-24/Actor_15/03-02-02-01-02-02-15.wav
624,male,calm,15,Audio_Song_Actors_01-24/Actor_15/03-02-02-02-01-01-15.wav
625,male,calm,15,Audio_Song_Actors_01-24/Actor_15/03-02-02-02-01-02-15.wav
626,male,calm,15,Audio_Song_Actors_01-24/Actor_15/03-02-02-02-02-01-15.wav
627,male,calm,15,Audio_Song_Actors_01-24/Actor_15/03-02-02-02-02-02-15.wav
628,male,happy,15,Audio_Song_Actors_01-24/Actor_15/03-02-03-01-01-01-15.wav
629,male,happy,15,Audio_Song_Actors_01-24/Actor_15/03-02-03-01-01-02-15.wav
630,male,happy,15,Audio_Song_Actors_01-24/Actor_15/03-02-03-01-02-01-15.wav
631,male,happy,15,Audio_Song_Actors_01-24/Actor_15/03-02-03-01-02-02-15.wav
632,male,happy,15,Audio_Song_Actors_01-24/Actor_15/03-02-03-02-01-01-15.wav
633,male,happy,15,Audio_Song_Actors_01-24/Actor_15/03-02-03-02-01-02-15.wav
634,male,happy,15,Audio_Song_Actors_01-24/Actor_15/03-02-03-02-02-01-15.wav
635,male,happy,15,Audio_Song_Actors_01-24/Actor_15/03-02-03-02-02-02-15.wav
636,male,sad,15,Audio_Song_Actors_01-24/Actor_15/03-02-04-01-01-01-15.wav
637,male,sad,15,Audio_Song_Actors_01-24/Actor_15/03-02-04-01-01-02-15.wav
638,male,sad,15,Audio_Song_Actors_01-24/Actor_15/03-02-04-01-02-01-15.wav
639,male,sad,15,Audio_Song_Actors_01-24/Actor_15/03-02-04-01-02-02-15.wav
640,male,sad,15,Audio_Song_Actors_01-24/Actor_15/03-02-04-02-01-01-15.wav
641,male,sad,15,Audio_Song_Actors_01-24/Actor_15/03-02-04-02-01-02-15.wav
642,male,sad,15,Audio_Song_Actors_01-24/Actor_15/03-02-04-02-02-01-15.wav
643,male,sad,15,Audio_Song_Actors_01-24/Actor_15/03-02-04-02-02-02-15.wav
644,male,angry,15,Audio_Song_Actors_01-24/Actor_15/03-02-05-01-01-01-15.wav
645,male,angry,15,Audio_Song_Actors_01-24/Actor_15/03-02-05-01-01-02-15.wav
646,male,angry,15,Audio_Song_Actors_01-24/Actor_15/03-02-05-01-02-01-15.wav
647,male,angry,15,Audio_Song_Actors_01-24/Actor_15/03-02-05-01-02-02-15.wav
648,male,angry,15,Audio_Song_Actors_01-24/Actor_15/03-02-05-02-01-01-15.wav
649,male,angry,15,Audio_Song_Actors_01-24/Actor_15/03-02-05-02-01-02-15.wav
650,male,angry,15,Audio_Song_Actors_01-24/Actor_15/03-02-05-02-02-01-15.wav
651,male,angry,15,Audio_Song_Actors_01-24/Actor_15/03-02-05-02-02-02-15.wav
652,male,fear,15,Audio_Song_Actors_01-24/Actor_15/03-02-06-01-01-01-15.wav
653,male,fear,15,Audio_Song_Actors_01-24/Actor_15/03-02-06-01-01-02-15.wav
654,male,fear,15,Audio_Song_Actors_01-24/Actor_15/03-02-06-01-02-01-15.wav
655,male,fear,15,Audio_Song_Actors_01-24/Actor_15/03-02-06-01-02-02-15.wav
656,male,fear,15,Audio_Song_Actors_01-24/Actor_15/03-02-06-02-01-01-15.wav
657,male,fear,15,Audio_Song_Actors_01-24/Actor_15/03-02-06-02-01-02-15.wav
658,male,fear,15,Audio_Song_Actors_01-24/Actor_15/03-02-06-02-02-01-15.wav
659,male,fear,15,Audio_Song_Actors_01-24/Actor_15/03-02-06-02-02-02-15.wav
660,female,neutral,16,Audio_Song_Actors_01-24/Actor_16/03-02-01-01-01-01-16.wav
661,female,neutral,16,Audio_Song_Actors_01-24/Actor_16/03-02-01-01-01-02-16.wav
662,female,neutral,16,Audio_Song_Actors_01-24/Actor_16/03-02-01-01-02-01-16.wav
663,female,neutral,16,Audio_Song_Actors_01-24/Actor_16/03-02-01-01-02-02-16.wav
664,female,calm,16,Audio_Song_Actors_01-24/Actor_16/03-02-02-01-01-01-16.wav
665,female,calm,16,Audio_Song_Actors_01-24/Actor_16/03-02-02-01-01-02-16.wav
666,female,calm,16,Audio_Song_Actors_01-24/Actor_16/03-02-02-01-02-01-16.wav
667,female,calm,16,Audio_Song_Actors_01-24/Actor_16/03-02-02-01-02-02-16.wav
668,female,calm,16,Audio_Song_Actors_01-24/Actor_16/03-02-02-02-01-01-16.wav
669,female,calm,16,Audio_Song_Actors_01-24/Actor_16/03-02-02-02-01-02-16.wav
670,female,calm,16,Audio_Song_Actors_01-24/Actor_16/03-02-02-02-02-01-16.wav
671,female,calm,16,Audio_Song_Actors_01-24/Actor_16/03-02-02-02-02-02-16.wav
672,female,happy,16,Audio_Song_Actors_01-24/Actor_16/03-02-03-01-01-01-16.wav
673,female,happy,16,Audio_Song_Actors_01-24/Actor_16/03-02-03-01-01-02-16.wav
674,female,happy,16,Audio_Song_Actors_01-24/Actor_16/03-02-03-01-02-01-16.wav
675,female,happy,16,Audio_Song_Actors_01-24/Actor_16/03-02-03-01-02-02-16.wav
676,female,happy,16,Audio_Song_Actors_01-24/Actor_16/03-02-03-02-01-01-16.wav
677,female,happy,16,Audio_Song_Actors_01-24/Actor_16/03-02-03-02-01-02-16.wav
678,female,happy,16,Audio_Song_Actors_01-24/Actor_16/03-02-03-02-02-01-16.wav
679,female,happy,16,Audio_Song_Actors_01-24/Actor_16/03-02-03-02-02-02-16.wav
680,female,sad,16,Audio_Song_Actors_01-24/Actor_16/03-02-04-01-01-01-16.wav
681,female,sad,16,Audio_Song_Actors_01-24/Actor_16/03-02-04-01-01-02-16.wav
682,female,sad,16,Audio_Song_Actors_01-24/Actor_16/03-02-04-01-02-01-16.wav
683,female,sad,16,Audio_Song_Actors_01-24/Actor_16/03-02-04-01-02-02-16.wav
684,female,sad,16,Audio_Song_Actors_01-24/Actor_16/03-02-04-02-01-01-16.wav
685,female,sad,16,Audio_Song_Actors_01-24/Actor_16/03-02-04-02-01-02-16.wav
686,female,sad,16,Audio_Song_Actors_01-24/Actor_16/03-02-04-02-02-01-16.wav
687,female,sad,16,Audio_Song_Actors_01-24/Actor_16/03-02-04-02-02-02-16.wav
688,female,angry,16,Audio_Song_Actors_01-24/Actor_16/03-02-05-01-01-01-16.wav
689,female,angry,16,Audio_Song_Actors_01-24/Actor_16/03-02-05-01-01-02-16.wav
690,female,angry,16,Audio_Song_Actors_01-24/Actor_16/03-02-05-01-02-01-16.wav
691,female,angry,16,Audio_Song_Actors_01-24/Actor_16/03-02-05-01-02-02-16.wav
692,female,angry,16,Audio_Song_Actors_01-24/Actor_16/03-02-05-02-01-01-16.wav
693,female,angry,16,Audio_Song_Actors_01-24/Actor_16/03-02-05-02-01-02-16.wav
694,female,angry,16,Audio_Song_Actors_01-24/Actor_16/03-02-05-02-02-01-16.wav
695,female,angry,16,Audio_Song_Actors_01-24/Actor_16/03-02-05-02-02-02-16.wav
696,female,fear,16,Audio_Song_Actors_01-24/Actor_16/03-02-06-01-01-01-16.wav
697,female,fear,16,Audio_Song_Actors_01-24/Actor_16/03-02-06-01-01-02-16.wav
698,female,fear,16,Audio_Song_Actors_01-24/Actor_16/03-02-06-01-02-01-16.wav
699,female,fear,16,Audio_Song_Actors_01-24/Actor_16/03-02-06-01-02-02-16.wav
700,female,fear,16,Audio_Song_Actors_01-24/Actor_16/03-02-06-02-01-01-16.wav
701,female,fear,16,Audio_Song_Actors_01-24/Actor_16/03-02-06-02-01-02-16.wav
702,female,fear,16,Audio_Song_Actors_01-24/Actor_16/03-02-06-02-02-01-16.wav
703,female,fear,16,Audio_Song_Actors_01-24/Actor_16/03-02-06-02-02-02-16.wav
704,male,neutral,17,Audio_Song_Actors_01-24/Actor_17/03-02-01-01-01-01-17.wav
705,male,neutral,17,Audio_Song_Actors_01-24/Actor_17/03-02-01-01-01-02-17.wav
706,male,neutral,17,Audio_Song_Actors_01-24/Actor_17/03-02-01-01-02-01-17.wav
707,male,neutral,17,Audio_Song_Actors_01-24/Actor_17/03-02-01-01-02-02-17.wav
708,male,calm,17,Audio_Song_Actors_01-24/Actor_17/03-02-02-01-01-01-17.wav
709,male,calm,17,Audio_Song_Actors_01-24/Actor_17/03-02-02-01-01-02-17.wav
710,male,calm,17,Audio_Song_Actors_01-24/Actor_17/03-02-02-01-02-01-17.wav
711,male,calm,17,Audio_Song_Actors_01-24/Actor_17/03-02-02-01-02-02-17.wav
712,male,calm,17,Audio_Song_Actors_01-24/Actor_17/03-02-02-02-01-01-17.wav
713,male,calm,17,Audio_Song_Actors_01-24/Actor_17/03-02-02-02-01-02-17.wav
714,male,calm,17,Audio_Song_Actors_01-24/Actor_17/03-02-02-02-02-01-17.wav
715,male,calm,17,Audio_Song_Actors_01-24/Actor_17/03-02-02-02-02-02-17.wav
716,male,happy,17,Audio_Song_Actors_01-24/Actor_17/03-02-03-01-01-01-17.wav
717,male,happy,17,Audio_Song_Actors_01-24/Actor_17/03-02-03-01-01-02-17.wav
718,male,happy,17,Audio_Song_Actors_01-24/Actor_17/03-02-03-01-02-01-17.wav
719,male,happy,17,Audio_Song_Actors_01-24/Actor_17/03-02-03-01-02-02-17.wav
720,male,happy,17,Audio_Song_Actors_01-24/Actor_17/03-02-03-02-01-01-17.wav
721,male,happy,17,Audio_Song_Actors_01-24/Actor_17/03-02-03-02-01-02-17.wav
722,male,happy,17,Audio_Song_Actors_01-24/Actor_17/03-02-03-02-02-01-17.wav
723,male,happy,17,Audio_Song_Actors_01-24/Actor_17/03-02-03-02-02-02-17.wav
724,male,sad,17,Audio_Song_Actors_01-24/Actor_17/03-02-04-01-01-01-17.wav
725,male,sad,17,Audio_Song_Actors_01-24/Actor_17/03-02-04-01-01-02-17.wav
726,male,sad,17,Audio_Song_Actors_01-24/Actor_17/03-02-04-01-02-01-17.wav
727,male,sad,17,Audio_Song_Actors_01-24/Actor_17/03-02-04-01-02-02-17.wav
728,male,sad,17,Audio_Song_Actors_01-24/Actor_17/03-02-04-02-01-01-17.wav
729,male,sad,17,Audio_Song_Actors_01-24/Actor_17/03-02-04-02-01-02-17.wav
730,male,sad,17,Audio_Song_Actors_01-24/Actor_17/03-02-04-02-02-01-17.wav
731,male,sad,17,Audio_Song_Actors_01-24/Actor_17/03-02-04-02-02-02-17.wav
732,male,angry,17,Audio_Song_Actors_01-24/Actor_17/03-02-05-01-01-01-17.wav
733,male,angry,17,Audio_Song_Actors_01-24/Actor_17/03-02-05-01-01-02-17.wav
734,male,angry,17,Audio_Song_Actors_01-24/Actor_17/03-02-05-01-02-01-17.wav
735,male,angry,17,Audio_Song_Actors_01-24/Actor_17/03-02-05-01-02-02-17.wav
736,male,angry,17,Audio_Song_Actors_01-24/Actor_17/03-02-05-02-01-01-17.wav
737,male,angry,17,Audio_Song_Actors_01-24/Actor_17/03-02-05-02-01-02-17.wav
738,male,angry,17,Audio_Song_Actors_01-24/Actor_17/03-02-05-02-02-01-17.wav
739,male,angry,17,Audio_Song_Actors_01-24/Actor_17/03-02-05-02-02-02-17.wav
740,male,fear,17,Audio_Song_Actors_01-24/Actor_17/03-02-06-01-01-01-17.wav
741,male,fear,17,Audio_Song_Actors_01-24/Actor_17/03-02-06-01-01-02-17.wav
742,male,fear,17,Audio_Song_Actors_01-24/Actor_17/03-02-06-01-02-01-17.wav
743,male,fear,17,Audio_Song_Actors_01-24/Actor_17/03-02-06-01-02-02-17.wav
744,male,fear,17,Audio_Song_Actors_01-24/Actor_17/03-02-06-02-01-01-17.wav
745,male,fear,17,Audio_Song_Actors_01-24/Actor_17/03-02-06-02-01-02-17.wav
746,male,fear,17,Audio_Song_Actors_01-24/Actor_17/03-02-06-02-02-01-17.wav
747,male,fear,17,Audio_Song_Actors_01-24/Actor_17/03-02-06-02-02-02-17.wav
748,male,neutral,19,Audio_Song_Actors_01-24/Actor_19/03-02-01-01-01-01-19.wav
749,male,neutral,19,Audio_Song_Actors_01-24/Actor_19/03-02-01-01-01-02-19.wav
750,male,neutral,19,Audio_Song_Actors_01-24/Actor_19/03-02-01-01-02-01-19.wav
751,male,neutral,19,Audio_Song_Actors_01-24/Actor_19/03-02-01-01-02-02-19.wav
752,male,calm,19,Audio_Song_Actors_01-24/Actor_19/03-02-02-01-01-01-19.wav
753,male,calm,19,Audio_Song_Actors_01-24/Actor_19/03-02-02-01-01-02-19.wav
754,male,calm,19,Audio_Song_Actors_01-24/Actor_19/03-02-02-01-02-01-19.wav
755,male,calm,19,Audio_Song_Actors_01-24/Actor_19/03-02-02-01-02-02-19.wav
756,male,calm,19,Audio_Song_Actors_01-24/Actor_19/03-02-02-02-01-01-19.wav
757,male,calm,19,Audio_Song_Actors_01-24/Actor_19/03-02-02-02-01-02-19.wav
758,male,calm,19,Audio_Song_Actors_01-24/Actor_19/03-02-02-02-02-01-19.wav
759,male,calm,19,Audio_Song_Actors_01-24/Actor_19/03-02-02-02-02-02-19.wav
760,male,happy,19,Audio_Song_Actors_01-24/Actor_19/03-02-03-01-01-01-19.wav
761,male,happy,19,Audio_Song_Actors_01-24/Actor_19/03-02-03-01-01-02-19.wav
762,male,happy,19,Audio_Song_Actors_01-24/Actor_19/03-02-03-01-02-01-19.wav
763,male,happy,19,Audio_Song_Actors_01-24/Actor_19/03-02-03-01-02-02-19.wav
764,male,happy,19,Audio_Song_Actors_01-24/Actor_19/03-02-03-02-01-01-19.wav
765,male,happy,19,Audio_Song_Actors_01-24/Actor_19/03-02-03-02-01-02-19.wav
766,male,happy,19,Audio_Song_Actors_01-24/Actor_19/03-02-03-02-02-01-19.wav
767,male,happy,19,Audio_Song_Actors_01-24/Actor_19/03-02-03-02-02-02-19.wav
768,male,sad,19,Audio_Song_Actors_01-24/Actor_19/03-02-04-01-01-01-19.wav
769,male,sad,19,Audio_Song_Actors_01-24/Actor_19/03-02-04-01-01-02-19.wav
770,male,sad,19,Audio_Song_Actors_01-24/Actor_19/03-02-04-01-02-01-19.wav
771,male,sad,19,Audio_Song_Actors_01-24/Actor_19/03-02-04-01-02-02-19.wav
772,male,sad,19,Audio_Song_Actors_01-24/Actor_19/03-02-04-02-01-01-19.wav
773,male,sad,19,Audio_Song_Actors_01-24/Actor_19/03-02-04-02-01-02-19.wav
774,male,sad,19,Audio_Song_Actors_01-24/Actor_19/03-02-04-02-02-01-19.wav
775,male,sad,19,Audio_Song_Actors_01-24/Actor_19/03-02-04-02-02-02-19.wav
776,male,angry,19,Audio_Song_Actors_01-24/Actor_19/03-02-05-01-01-01-19.wav
777,male,angry,19,Audio_Song_Actors_01-24/Actor_19/03-02-05-01-01-02-19.wav
778,male,angry,19,Audio_Song_Actors_01-24/Actor_19/03-02-05-01-02-01-19.wav
779,male,angry,19,Audio_Song_Actors_01-24/Actor_19/03-02-05-01-02-02-19.wav
780,male,angry,19,Audio_Song_Actors_01-24/Actor_19/03-02-05-02-01-01-19.wav
781,male,angry,19,Audio_Song_Actors_01-24/Actor_19/03-02-05-02-01-02-19.wav
782,male,angry,19,Audio_Song_Actors_01-24/Actor_19/03-02-05-02-02-01-19.wav
783,male,angry,19,Audio_Song_Actors_01-24/Actor_19/03-02-05-02-02-02-19.wav
784,male,fear,19,Audio_Song_Actors_01-24/Actor_19/03-02-06-01-01-01-19.wav
785,male,fear,19,Audio_Song_Actors_01-24/Actor_19/03-02-06-01-01-02-19.wav
786,male,fear,19,Audio_Song_Actors_01-24/Actor_19/03-02-06-01-02-01-19.wav
787,male,fear,19,Audio_Song_Actors_01-24/Actor_19/03-02-06-01-02-02-19.wav
788,male,fear,19,Audio_Song_Actors_01-24/Actor_19/03-02-06-02-01-01-19.wav
789,male,fear,19,Audio_Song_Actors_01-24/Actor_19/03-02-06-02-01-02-19.wav
790,male,fear,19,Audio_Song_Actors_01-24/Actor_19/03-02-06-02-02-01-19.wav
791,male,fear,19,Audio_Song_Actors_01-24/Actor_19/03-02-06-02-02-02-19.wav
792,female,neutral,20,Audio_Song_Actors_01-24/Actor_20/03-02-01-01-01-01-20.wav
793,female,neutral,20,Audio_Song_Actors_01-24/Actor_20/03-02-01-01-01-02-20.wav
794,female,neutral,20,Audio_Song_Actors_01-24/Actor_20/03-02-01-01-02-01-20.wav
795,female,neutral,20,Audio_Song_Actors_01-24/Actor_20/03-02-01-01-02-02-20.wav
796,female,calm,20,Audio_Song_Actors_01-24/Actor_20/03-02-02-01-01-01-20.wav
797,female,calm,20,Audio_Song_Actors_01-24/Actor_20/03-02-02-01-01-02-20.wav
798,female,calm,20,Audio_Song_Actors_01-24/Actor_20/03-02-02-01-02-01-20.wav
799,female,calm,20,Audio_Song_Actors_01-24/Actor_20/03-02-02-01-02-02-20.wav
800,female,calm,20,Audio_Song_Actors_01-24/Actor_20/03-02-02-02-01-01-20.wav
801,female,calm,20,Audio_Song_Actors_01-24/Actor_20/03-02-02-02-01-02-20.wav
802,female,calm,20,Audio_Song_Actors_01-24/Actor_20/03-02-02-02-02-01-20.wav
803,female,calm,20,Audio_Song_Actors_01-24/Actor_20/03-02-02-02-02-02-20.wav
804,female,happy,20,Audio_Song_Actors_01-24/Actor_20/03-02-03-01-01-01-20.wav
805,female,happy,20,Audio_Song_Actors_01-24/Actor_20/03-02-03-01-01-02-20.wav
806,female,happy,20,Audio_Song_Actors_01-24/Actor_20/03-02-03-01-02-01-20.wav
807,female,happy,20,Audio_Song_Actors_01-24/Actor_20/03-02-03-01-02-02-20.wav
808,female,happy,20,Audio_Song_Actors_01-24/Actor_20/03-02-03-02-01-01-20.wav
809,female,happy,20,Audio_Song_Actors_01-24/Actor_20/03-02-03-02-01-02-20.wav
810,female,happy,20,Audio_Song_Actors_01-24/Actor_20/03-02-03-02-02-01-20.wav
811,female,happy,20,Audio_Song_Actors_01-24/Actor_20/03-02-03-02-02-02-20.wav
812,female,sad,20,Audio_Song_Actors_01-24/Actor_20/03-02-04-01-01-01-20.wav
813,female,sad,20,Audio_Song_Actors_01-24/Actor_20/03-02-04-01-01-02-20.wav
814,female,sad,20,Audio_Song_Actors_01-24/Actor_20/03-02-04-01-02-01-20.wav
815,female,sad,20,Audio_Song_Actors_01-24/Actor_20/03-02-04-01-02-02-20.wav
816,female,sad,20,Audio_Song_Actors_01-24/Actor_20/03-02-04-02-01-01-20.wav
817,female,sad,20,Audio_Song_Actors_01-24/Actor_20/03-02-04-02-01-02-20.wav
818,female,sad,20,Audio_Song_Actors_01-24/Actor_20/03-02-04-02-02-01-20.wav
819,female,sad,20,Audio_Song_Actors_01-24/Actor_20/03-02-04-02-02-02-20.wav
820,female,angry,20,Audio_Song_Actors_01-24/Actor_20/03-02-05-01-01-01-20.wav
821,female,angry,20,Audio_Song_Actors_01-24/Actor_20/03-02-05-01-01-02-20.wav
822,female,angry,20,Audio_Song_Actors_01-24/Actor_20/03-02-05-01-02-01-20.wav
823,female,angry,20,Audio_Song_Actors_01-24/Actor_20/03-02-05-01-02-02-20.wav
824,female,angry,20,Audio_Song_Actors_01-24/Actor_20/03-02-05-02-01-01-20.wav
825,female,angry,20,Audio_Song_Actors_01-24/Actor_20/03-02-05-02-01-02-20.wav
826,female,angry,20,Audio_Song_Actors_01-24/Actor_20/03-02-05-02-02-01-20.wav
827,female,angry,20,Audio_Song_Actors_01-24/Actor_20/03-02-05-02-02-02-20.wav
828,female,fear,20,Audio_Song_Actors_01-24/Actor_20/03-02-06-01-01-01-20.wav
829,female,fear,20,Audio_Song_Actors_01-24/Actor_20/03-02-06-01-01-02-20.wav
830,female,fear,20,Audio_Song_Actors_01-24/Actor_20/03-02-06-01-02-01-20.wav
831,female,fear,20,Audio_Song_Actors_01-24/Actor_20/03-02-06-01-02-02-20.wav
832,female,fear,20,Audio_Song_Actors_01-24/Actor_20/03-02-06-02-01-01-20.wav
833,female,fear,20,Audio_Song_Actors_01-24/Actor_20/03-02-06-02-01-02-20.wav
834,female,fear,20,Audio_Song_Actors_01-24/Actor_20/03-02-06-02-02-01-20.wav
835,female,fear,20,Audio_Song_Actors_01-24/Actor_20/03-02-06-02-02-02-20.wav
836,male,neutral,21,Audio_Song_Actors_01-24/Actor_21/03-02-01-01-01-01-21.wav
837,male,neutral,21,Audio_Song_Actors_01-24/Actor_21/03-02-01-01-01-02-21.wav
838,male,neutral,21,Audio_Song_Actors_01-24/Actor_21/03-02-01-01-02-01-21.wav
839,male,neutral,21,Audio_Song_Actors_01-24/Actor_21/03-02-01-01-02-02-21.wav
840,male,calm,21,Audio_Song_Actors_01-24/Actor_21/03-02-02-01-01-01-21.wav
841,male,calm,21,Audio_Song_Actors_01-24/Actor_21/03-02-02-01-01-02-21.wav
842,male,calm,21,Audio_Song_Actors_01-24/Actor_21/03-02-02-01-02-01-21.wav
843,male,calm,21,Audio_Song_Actors_01-24/Actor_21/03-02-02-01-02-02-21.wav
844,male,calm,21,Audio_Song_Actors_01-24/Actor_21/03-02-02-02-01-01-21.wav
845,male,calm,21,Audio_Song_Actors_01-24/Actor_21/03-02-02-02-01-02-21.wav
846,male,calm,21,Audio_Song_Actors_01-24/Actor_21/03-02-02-02-02-01-21.wav
847,male,calm,21,Audio_Song_Actors_01-24/Actor_21/03-02-02-02-02-02-21.wav
848,male,happy,21,Audio_Song_Actors_01-24/Actor_21/03-02-03-01-01-01-21.wav
849,male,happy,21,Audio_Song_Actors_01-24/Actor_21/03-02-03-01-01-02-21.wav
850,male,happy,21,Audio_Song_Actors_01-24/Actor_21/03-02-03-01-02-01-21.wav
851,male,happy,21,Audio_Song_Actors_01-24/Actor_21/03-02-03-01-02-02-21.wav
852,male,happy,21,Audio_Song_Actors_01-24/Actor_21/03-02-03-02-01-01-21.wav
853,male,happy,21,Audio_Song_Actors_01-24/Actor_21/03-02-03-02-01-02-21.wav
854,male,happy,21,Audio_Song_Actors_01-24/Actor_21/03-02-03-02-02-01-21.wav
855,male,happy,21,Audio_Song_Actors_01-24/Actor_21/03-02-03-02-02-02-21.wav
856,male,sad,21,Audio_Song_Actors_01-24/Actor_21/03-02-04-01-01-01-21.wav
857,male,sad,21,Audio_Song_Actors_01-24/Actor_21/03-02-04-01-01-02-21.wav
858,male,sad,21,Audio_Song_Actors_01-24/Actor_21/03-02-04-01-02-01-21.wav
859,male,sad,21,Audio_Song_Actors_01-24/Actor_21/03-02-04-01-02-02-21.wav
860,male,sad,21,Audio_Song_Actors_01-24/Actor_21/03-02-04-02-01-01-21.wav
861,male,sad,21,Audio_Song_Actors_01-24/Actor_21/03-02-04-02-01-02-21.wav
862,male,sad,21,Audio_Song_Actors_01-24/Actor_21/03-02-04-02-02-01-21.wav
863,male,sad,21,Audio_Song_Actors_01-24/Actor_21/03-02-04-02-02-02-21.wav
864,male,angry,21,Audio_Song_Actors_01-24/Actor_21/03-02-05-01-01-01-21.wav
865,male,angry,21,Audio_Song_Actors_01-24/Actor_21/03-02-05-01-01-02-21.wav
866,male,angry,21,Audio_Song_Actors_01-24/Actor_21/03-02-05-01-02-01-21.wav
867,male,angry,21,Audio_Song_Actors_01-24/Actor_21/03-02-05-01-02-02-21.wav
868,male,angry,21,Audio_Song_Actors_01-24/Actor_21/03-02-05-02-01-01-21.wav
869,male,angry,21,Audio_Song_Actors_01-24/Actor_21/03-02-05-02-01-02-21.wav
870,male,angry,21,Audio_Song_Actors_01-24/Actor_21/03-02-05-02-02-01-21.wav
871,male,angry,21,Audio_Song_Actors_01-24/Actor_21/03-02-05-02-02-02-21.wav
872,male,fear,21,Audio_Song_Actors_01-24/Actor_21/03-02-06-01-01-01-21.wav
873,male,fear,21,Audio_Song_Actors_01-24/Actor_21/03-02-06-01-01-02-21.wav
874,male,fear,21,Audio_Song_Actors_01-24/Actor_21/03-02-06-01-02-01-21.wav
875,male,fear,21,Audio_Song_Actors_01-24/Actor_21/03-02-06-01-02-02-21.wav
876,male,fear,21,Audio_Song_Actors_01-24/Actor_21/03-02-06-02-01-01-21.wav
877,male,fear,21,Audio_Song_Actors_01-24/Actor_21/03-02-06-02-01-02-21.wav
878,male,fear,21,Audio_Song_Actors_01-24/Actor_21/03-02-06-02-02-01-21.wav
879,male,fear,21,Audio_Song_Actors_01-24/Actor_21/03-02-06-02-02-02-21.wav
880,female,neutral,22,Audio_Song_Actors_01-24/Actor_22/03-02-01-01-01-01-22.wav
881,female,neutral,22,Audio_Song_Actors_01-24/Actor_22/03-02-01-01-01-02-22.wav
882,female,neutral,22,Audio_Song_Actors_01-24/Actor_22/03-02-01-01-02-01-22.wav
883,female,neutral,22,Audio_Song_Actors_01-24/Actor_22/03-02-01-01-02-02-22.wav
884,female,calm,22,Audio_Song_Actors_01-24/Actor_22/03-02-02-01-01-01-22.wav
885,female,calm,22,Audio_Song_Actors_01-24/Actor_22/03-02-02-01-01-02-22.wav
886,female,calm,22,Audio_Song_Actors_01-24/Actor_22/03-02-02-01-02-01-22.wav
887,female,calm,22,Audio_Song_Actors_01-24/Actor_22/03-02-02-01-02-02-22.wav
888,female,calm,22,Audio_Song_Actors_01-24/Actor_22/03-02-02-02-01-01-22.wav
889,female,calm,22,Audio_Song_Actors_01-24/Actor_22/03-02-02-02-01-02-22.wav
890,female,calm,22,Audio_Song_Actors_01-24/Actor_22/03-02-02-02-02-01-22.wav
891,female,calm,22,Audio_Song_Actors_01-24/Actor_22/03-02-02-02-02-02-22.wav
892,female,happy,22,Audio_Song_Actors_01-24/Actor_22/03-02-03-01-01-01-22.wav
893,female,happy,22,Audio_Song_Actors_01-24/Actor_22/03-02-03-01-01-02-22.wav
894,female,happy,22,Audio_Song_Actors_01-24/Actor_22/03-02-03-01-02-01-22.wav
895,female,happy,22,Audio_Song_Actors_01-24/Actor_22/03-02-03-01-02-02-22.wav
896,female,happy,22,Audio_Song_Actors_01-24/Actor_22/03-02-03-02-01-01-22.wav
897,female,happy,22,Audio_Song_Actors_01-24/Actor_22/03-02-03-02-01-02-22.wav
898,female,happy,22,Audio_Song_Actors_01-24/Actor_22/03-02-03-02-02-01-22.wav
899,female,happy,22,Audio_Song_Actors_01-24/Actor_22/03-02-03-02-02-02-22.wav
900,female,sad,22,Audio_Song_Actors_01-24/Actor_22/03-02-04-01-01-01-22.wav
901,female,sad,22,Audio_Song_Actors_01-24/Actor_22/03-02-04-01-01-02-22.wav
902,female,sad,22,Audio_Song_Actors_01-24/Actor_22/03-02-04-01-02-01-22.wav
903,female,sad,22,Audio_Song_Actors_01-24/Actor_22/03-02-04-01-02-02-22.wav
904,female,sad,22,Audio_Song_Actors_01-24/Actor_22/03-02-04-02-01-01-22.wav
905,female,sad,22,Audio_Song_Actors_01-24/Actor_22/03-02-04-02-01-02-22.wav
906,female,sad,22,Audio_Song_Actors_01-24/Actor_22/03-02-04-02-02-01-22.wav
907,female,sad,22,Audio_Song_Actors_01-24/Actor_22/03-02-04-02-02-02-22.wav
908,female,angry,22,Audio_Song_Actors_01-24/Actor_22/03-02-05-01-01-01-22.wav
909,female,angry,22,Audio_Song_Actors_01-24/Actor_22/03-02-05-01-01-02-22.wav
910,female,angry,22,Audio_Song_Actors_01-24/Actor_22/03-02-05-01-02-01-22.wav
911,female,angry,22,Audio_Song_Actors_01-24/Actor_22/03-02-05-01-02-02-22.wav
912,female,angry,22,Audio_Song_Actors_01-24/Actor_22/03-02-05-02-01-01-22.wav
913,female,angry,22,Audio_Song_Actors_01-24/Actor_22/03-02-05-02-01-02-22.wav
914,female,angry,22,Audio_Song_Actors_01-24/Actor_22/03-02-05-02-02-01-22.wav
915,female,angry,22,Audio_Song_Actors_01-24/Actor_22/03-02-05-02-02-02-22.wav
916,female,fear,22,Audio_Song_Actors_01-24/Actor_22/03-02-06-01-01-01-22.wav
917,female,fear,22,Audio_Song_Actors_01-24/Actor_22/03-02-06-01-01-02-22.wav
918,female,fear,22,Audio_Song_Actors_01-24/Actor_22/03-02-06-01-02-01-22.wav
919,female,fear,22,Audio_Song_Actors_01-24/Actor_22/03-02-06-01-02-02-22.wav
920,female,fear,22,Audio_Song_Actors_01-24/Actor_22/03-02-06-02-01-01-22.wav
921,female,fear,22,Audio_Song_Actors_01-24/Actor_22/03-02-06-02-01-02-22.wav
922,female,fear,22,Audio_Song_Actors_01-24/Actor_22/03-02-06-02-02-01-22.wav
923,female,fear,22,Audio_Song_Actors_01-24/Actor_22/03-02-06-02-02-02-22.wav
924,male,neutral,23,Audio_Song_Actors_01-24/Actor_23/03-02-01-01-01-01-23.wav
925,male,neutral,23,Audio_Song_Actors_01-24/Actor_23/03-02-01-01-01-02-23.wav
926,male,neutral,23,Audio_Song_Actors_01-24/Actor_23/03-02-01-01-02-01-23.wav
927,male,neutral,23,Audio_Song_Actors_01-24/Actor_23/03-02-01-01-02-02-23.wav
928,male,calm,23,Audio_Song_Actors_01-24/Actor_23/03-02-02-01-01-01-23.wav
929,male,calm,23,Audio_Song_Actors_01-24/Actor_23/03-02-02-01-01-02-23.wav
930,male,calm,23,Audio_Song_Actors_01-24/Actor_23/03-02-02-01-02-01-23.wav
931,male,calm,23,Audio_Song_Actors_01-24/Actor_23/03-02-02-01-02-02-23.wav
932,male,calm,23,Audio_Song_Actors_01-24/Actor_23/03-02-02-02-01-01-23.wav
933,male,calm,23,Audio_Song_Actors_01-24/Actor_23/03-02-02-02-01-02-23.wav
934,male,calm,23,Audio_Song_Actors_01-24/Actor_23/03-02-02-02-02-01-23.wav
935,male,calm,23,Audio_Song_Actors_01-24/Actor_23/03-02-02-02-02-02-23.wav
936,male,happy,23,Audio_Song_Actors_01-24/Actor_23/03-02-03-01-01-01-23.wav
937,male,happy,23,Audio_Song_Actors_01-24/Actor_23/03-02-03-01-01-02-23.wav
938,male,happy,23,Audio_Song_Actors_01-24/Actor_23/03-02-03-01-02-01-23.wav
939,male,happy,23,Audio_Song_Actors_01-24/Actor_23/03-02-03-01-02-02-23.wav
940,male,happy,23,Audio_Song_Actors_01-24/Actor_23/03-02-03-02-01-01-23.wav
941,male,happy,23,Audio_Song_Actors_01-24/Actor_23/03-02-03-02-01-02-23.wav
942,male,happy,23,Audio_Song_Actors_01-24/Actor_23/03-02-03-02-02-01-23.wav
943,male,happy,23,Audio_Song_Actors_01-24/Actor_23/03-02-03-02-02-02-23.wav
944,male,sad,23,Audio_Song_Actors_01-24/Actor_23/03-02-04-01-01-01-23.wav
945,male,sad,23,Audio_Song_Actors_01-24/Actor_23/03-02-04-01-01-02-23.wav
946,male,sad,23,Audio_Song_Actors_01-24/Actor_23/03-02-04-01-02-01-23.wav
947,male,sad,23,Audio_Song_Actors_01-24/Actor_23/03-02-04-01-02-02-23.wav
948,male,sad,23,Audio_Song_Actors_01-24/Actor_23/03-02-04-02-01-01-23.wav
949,male,sad,23,Audio_Song_Actors_01-24/Actor_23/03-02-04-02-01-02-23.wav
950,male,sad,23,Audio_Song_Actors_01-24/Actor_23/03-02-04-02-02-01-23.wav
951,male,sad,23,Audio_Song_Actors_01-24/Actor_23/03-02-04-02-02-02-23.wav
952,male,angry,23,Audio_Song_Actors_01-24/Actor_23/03-02-05-01-01-01-23.wav
953,male,angry,23,Audio_Song_Actors_01-24/Actor_23/03-02-05-01-01-02-23.wav
954,male,angry,23,Audio_Song_Actors_01-24/Actor_23/03-02-05-01-02-01-23.wav
955,male,angry,23,Audio_Song_Actors_01-24/Actor_23/03-02-05-01-02-02-23.wav
956,male,angry,23,Audio_Song_Actors_01-24/Actor_23/03-02-05-02-01-01-23.wav
957,male,angry,23,Audio_Song_Actors_01-24/Actor_23/03-02-05-02-01-02-23.wav
958,male,angry,23,Audio_Song_Actors_01-24/Actor_23/03-02-05-02-02-01-23.wav
959,male,angry,23,Audio_Song_Actors_01-24/Actor_23/03-02-05-02-02-02-23.wav
960,male,fear,23,Audio_Song_Actors_01-24/Actor_23/03-02-06-01-01-01-23.wav
961,male,fear,23,Audio_Song_Actors_01-24/Actor_23/03-02-06-01-01-02-23.wav
962,male,fear,23,Audio_Song_Actors_01-24/Actor_23/03-02-06-01-02-01-23.wav
963,male,fear,23,Audio_Song_Actors_01-24/Actor_23/03-02-06-01-02-02-23.wav
964,male,fear,23,Audio_Song_Actors_01-24/Actor_23/03-02-06-02-01-01-23.wav
965,male,fear,23,Audio_Song_Actors_01-24/Actor_23/03-02-06-02-01-02-23.wav
966,male,fear,23,Audio_Song_Actors_01-24/Actor_23/03-02-06-02-02-01-23.wav
967,male,fear,23,Audio_Song_Actors_01-24/Actor_23/03-02-06-02-02-02-23.wav
968,female,neutral,24,Audio_Song_Actors_01-24/Actor_24/03-02-01-01-01-01-24.wav
969,female,neutral,24,Audio_Song_Actors_01-24/Actor_24/03-02-01-01-01-02-24.wav
970,female,neutral,24,Audio_Song_Actors_01-24/Actor_24/03-02-01-01-02-01-24.wav
971,female,neutral,24,Audio_Song_Actors_01-24/Actor_24/03-02-01-01-02-02-24.wav
972,female,calm,24,Audio_Song_Actors_01-24/Actor_24/03-02-02-01-01-01-24.wav
973,female,calm,24,Audio_Song_Actors_01-24/Actor_24/03-02-02-01-01-02-24.wav
974,female,calm,24,Audio_Song_Actors_01-24/Actor_24/03-02-02-01-02-01-24.wav
975,female,calm,24,Audio_Song_Actors_01-24/Actor_24/03-02-02-01-02-02-24.wav
976,female,calm,24,Audio_Song_Actors_01-24/Actor_24/03-02-02-02-01-01-24.wav
977,female,calm,24,Audio_Song_Actors_01-24/Actor_24/03-02-02-02-01-02-24.wav
978,female,calm,24,Audio_Song_Actors_01-24/Actor_24/03-02-02-02-02-01-24.wav
979,female,calm,24,Audio_Song_Actors_01-24/Actor_24/03-02-02-02-02-02-24.wav
980,female,happy,24,Audio_Song_Actors_01-24/Actor_24/03-02-03-01-01-01-24.wav
981,female,happy,24,Audio_Song_Actors_01-24/Actor_24/03-02-03-01-01-02-24.wav
982,female,happy,24,Audio_Song_Actors_01-24/Actor_24/03-02-03-01-02-01-24.wav
983,female,happy,24,Audio_Song_Actors_01-24/Actor_24/03-02-03-01-02-02-24.wav
984,female,happy,24,Audio_Song_Actors_01-24/Actor_24/03-02-03-02-01-01-24.wav
985,female,happy,24,Audio_Song_Actors_01-24/Actor_24/03-02-03-02-01-02-24.wav
986,female,happy,24,Audio_Song_Actors_01-24/Actor_24/03-02-03-02-02-01-24.wav
987,female,happy,24,Audio_Song_Actors_01-24/Actor_24/03-02-03-02-02-02-24.wav
988,female,sad,24,Audio_Song_Actors_01-24/Actor_24/03-02-04-01-01-01-24.wav
989,female,sad,24,Audio_Song_Actors_01-24/Actor_24/03-02-04-01-01-02-24.wav
990,female,sad,24,Audio_Song_Actors_01-24/Actor_24/03-02-04-01-02-01-24.wav
991,female,sad,24,Audio_Song_Actors_01-24/Actor_24/03-02-04-01-02-02-24.wav
992,female,sad,24,Audio_Song_Actors_01-24/Actor_24/03-02-04-02-01-01-24.wav
993,female,sad,24,Audio_Song_Actors_01-24/Actor_24/03-02-04-02-01-02-24.wav
994,female,sad,24,Audio_Song_Actors_01-24/Actor_24/03-02-04-02-02-01-24.wav
995,female,sad,24,Audio_Song_Actors_01-24/Actor_24/03-02-04-02-02-02-24.wav
996,female,angry,24,Audio_Song_Actors_01-24/Actor_24/03-02-05-01-01-01-24.wav
997,female,angry,24,Audio_Song_Actors_01-24/Actor_24/03-02-05-01-01-02-24.wav
998,female,angry,24,Audio_Song_Actors_01-24/Actor_24/03-02-05-01-02-01-24.wav
999,female,angry,24,Audio_Song_Actors_01-24/Actor_24/03-02-05-01-02-02-24.wav
1000,female,angry,24,Audio_Song_Actors_01-24/Actor_24/03-02-05-02-01-01-24.wav
1001,female,angry,24,Audio_Song_Actors_01-24/Actor_24/03-02-05-02-01-02-24.wav
1002,female,angry,24,Audio_Song_Actors_01-24/Actor_24/03-02-05-02-02-01-24.wav
1003,female,angry,24,Audio_Song_Actors_01-24/Actor_24/03-02-05-02-02-02-24.wav
1004,female,fear,24,Audio_Song_Actors_01-24/Actor_24/03-02-06-01-01-01-24.wav
1005,female,fear,24,Audio_Song_Actors_01-24/Actor_24/03-02-06-01-01-02-24.wav
1006,female,fear,24,Audio_Song_Actors_01-24/Actor_24/03-02-06-01-02-01-24.wav
1007,female,fear,24,Audio_Song_Actors_01-24/Actor_24/03-02-06-01-02-02-24.wav
1008,female,fear,24,Audio_Song_Actors_01-24/Actor_24/03-02-06-02-01-01-24.wav
1009,female,fear,24,Audio_Song_Actors_01-24/Actor_24/03-02-06-02-01-02-24.wav
1010,female,fear,24,Audio_Song_Actors_01-24/Actor_24/03-02-06-02-02-01-24.wav
1011,female,fear,24,Audio_Song_Actors_01-24/Actor_24/03-02-06-02-02-02-24.wav
